time/fps,rollout/ep_rew_mean,time/time_elapsed,time/episodes,rollout/ep_len_mean,time/total_timesteps,train/actor_loss,train/n_updates,train/disc_loss,train/learning_rate,train/surrogate_reward_std,train/surrogate_reward_mean,train/critic_loss
5222,-212.250591,0,1,1000.0,1000,,,,,,,
5195,-203.7386915,0,2,1000.0,2000,,,,,,,
5182,-228.838425,0,3,1000.0,3000,,,,,,,
5183,-224.45427949999998,0,4,1000.0,4000,,,,,,,
5171,-228.39627959999999,0,5,1000.0,5000,,,,,,,
5180,-251.09869883333332,1,6,1000.0,6000,,,,,,,
5166,-251.45762414285713,1,7,1000.0,7000,,,,,,,
5170,-252.024416375,1,8,1000.0,8000,,,,,,,
5173,-274.48492088888884,1,9,1000.0,9000,,,,,,,
5166,-274.2157303,1,10,1000.0,10000,,,,,,,
4479,-249.4431997272727,2,11,1000.0,11000,,,,,,,
1016,-278.2723659166666,11,12,1000.0,12000,-2.117139425843954,1000,8.070194864273072,0.001,0.017225067104781163,0.6685389084815979,0.04802190920338035
613,-302.5811122307692,21,13,1000.0,13000,-4.374153875350952,2000,4.405311179161072,0.001,0.025988306360813333,0.6776845190525055,0.07291061965748667
458,-323.48751921428567,30,14,1000.0,14000,-5.546411370277405,3000,2.308948838710785,0.001,0.028438446347986455,0.6408573343157768,0.11506506768241524
374,-334.6829551999999,40,15,1000.0,15000,-6.909164318084716,4000,2.0500009775161745,0.001,0.02157283709294015,0.5543395222127437,0.1142913020774722
322,-350.77209731249997,49,16,1000.0,16000,-8.872304699897766,5000,1.8366878628730774,0.001,0.013870891237013546,0.4711829133629799,0.12131116345524788
287,-364.8465686470588,59,17,1000.0,17000,-10.018140533447266,6000,1.4461129903793335,0.001,0.011523683279604785,0.407564790815115,0.072708730943501
261,-377.1514089444444,68,18,1000.0,18000,-10.659052576065063,7000,1.288825237751007,0.001,0.01114668197472326,0.3439517221748829,0.06343701191246509
242,-386.0806231052631,78,19,1000.0,19000,-11.149161098480224,8000,1.1358212113380433,0.001,0.010925676410847745,0.30069389879703523,0.056916270919144155
227,-396.18471819999996,87,20,1000.0,20000,-11.538192922592163,9000,0.970687872171402,0.001,0.01011574906821206,0.2715509027391672,0.051286002200096846
215,-405.3177821428571,97,21,1000.0,21000,-11.865234401702882,10000,0.8306000173091889,0.001,0.009881552633990251,0.24277318961918354,0.04553393661044538
206,-413.9314904090909,106,22,1000.0,22000,-12.061481510162354,11000,0.7178830981254578,0.001,0.009000319249536029,0.21681962606310845,0.040882729448378084
198,-422.35066169565215,116,23,1000.0,23000,-12.182468128204345,12000,0.6197405159473419,0.001,0.009103907898272232,0.19186544485390186,0.03854849995858967
191,-428.01612608333335,125,24,1000.0,24000,-12.1661685256958,13000,0.5369667828083038,0.001,0.00820592459910475,0.16953480711579322,0.03561065019108355
185,-435.01516932,135,25,1000.0,25000,-12.348023334503173,14000,0.47482719719409944,0.001,0.007823214148681411,0.1543031531125307,0.04252987765520811
179,-440.53118215384615,144,26,1000.0,26000,-13.195956649780273,15000,0.4172787398099899,0.001,0.007251381743515148,0.13585658791661262,0.0676070597358048
174,-446.56106555555556,154,27,1000.0,27000,-13.754273780822754,16000,0.36889936923980715,0.001,0.006908319615136784,0.12972224417328834,0.05900395157188177
169,-453.2405287142857,165,28,1000.0,28000,-13.681708782196045,17000,0.3402693778276443,0.001,0.007112121191563007,0.12388288564234971,0.044784478835761546
163,-459.0532404137931,177,29,1000.0,29000,-13.730612297058105,18000,0.3216505706310272,0.001,0.006485106908506019,0.11806540562957525,0.039847888570278885
155,-464.89779756666667,192,30,1000.0,30000,-13.882579898834228,19000,0.3030791670084,0.001,0.006271022906860499,0.10811627341806888,0.03756290907599032
147,-470.3625521290323,210,31,1000.0,31000,-13.89255445098877,20000,0.2740736424922943,0.001,0.005784658347103513,0.09932316245883703,0.034432172752916816
137,-510.237472875,233,32,1000.0,32000,-13.808735456466675,21000,0.25559572130441666,0.001,0.00498808814019705,0.08957792843133211,0.031169942986220122
129,-511.94043457575754,255,33,1000.0,33000,-13.923374059677124,22000,0.24378927201032638,0.001,0.004818780459490483,0.08207926741242409,0.05250054217875004
121,-556.9893824117647,280,34,1000.0,34000,-13.897727514266968,23000,0.22638841569423676,0.001,0.00460281640833358,0.07697011446207762,0.03857869777455926
115,-608.7900430857143,302,35,1000.0,35000,-13.791158212661744,24000,0.21718518137931825,0.001,0.0045236814848169694,0.07227050095424056,0.039448662089183927
110,-631.5077685,324,36,1000.0,36000,-13.649305351257324,25000,0.19846374690532684,0.001,0.004146114693238658,0.06772790778055787,0.03437234224379063
106,-647.1807635405405,348,37,1000.0,37000,-13.569719356536865,26000,0.1801309436559677,0.001,0.003962294348606363,0.06436331748962403,0.030622901232913138
102,-644.2906323421053,371,38,1000.0,38000,-13.429538837432862,27000,0.17901786863803865,0.001,0.003911108148125252,0.060050220366567375,0.027891221601516008
98,-633.9705319230769,396,39,1000.0,39000,-13.922681917190552,28000,0.16151879131793975,0.001,0.0041229745431958465,0.0577287592664361,0.06433006415143609
94,-621.30181935,421,40,1000.0,40000,-13.867253141403198,29000,0.17458460628986358,0.001,0.003966905975459711,0.05626161659881473,0.050687031712383035
91,-609.199919195122,448,41,1000.0,41000,-13.873255828857422,30000,0.177634659409523,0.001,0.004341501275313593,0.055663031447678805,0.045439908973872664
87,-597.5268722857143,477,42,1000.0,42000,-13.73663773727417,31000,0.18417571485042572,0.001,0.005573435337329275,0.055616486825048925,0.04556897987611592
84,-598.6329248604652,506,43,1000.0,43000,-13.637290828704835,32000,0.17768279910087587,0.001,0.006029846069108443,0.05459145874902606,0.04403143843263388
82,-610.3437735909091,536,44,1000.0,44000,-13.477945983886718,33000,0.1836617186665535,0.001,0.005323774978319465,0.051812956497073175,0.045083647809922696
79,-611.2672093333333,564,45,1000.0,45000,-13.288488552093506,34000,0.1777255579829216,0.001,0.005154785524426795,0.049807910714298485,0.04460635770112276
77,-603.3975861086957,593,46,1000.0,46000,-13.364762022018432,35000,0.16681136190891266,0.001,0.005076322380582202,0.04808237274736166,0.055067251410335305
75,-601.9370595744681,620,47,1000.0,47000,-13.352539918899536,36000,0.17152618616819382,0.001,0.004718526077273486,0.04748367608711124,0.047316102091223
73,-599.1580352708334,652,48,1000.0,48000,-13.145719329833984,37000,0.15359625220298767,0.001,0.004429029634767053,0.044777460273355246,0.04711539312265813
71,-599.0096497755103,685,49,1000.0,49000,-12.870535318374634,38000,0.1646086409687996,0.001,0.004585153167155378,0.04305267890170217,0.04427637717872858
69,-595.5274699400001,719,50,1000.0,50000,-12.846184396743775,39000,0.17308882474899293,0.001,0.006996699587848722,0.05256835122406483,0.04950543145276606
68,-597.6507781960785,749,51,1000.0,51000,-12.70397607421875,40000,0.1604255735874176,0.001,0.0061418975412950395,0.0487067754343152,0.04174455048702657
66,-597.9435288653847,776,52,1000.0,52000,-12.409274591445923,41000,0.16823087483644486,0.001,0.005321935174738813,0.046157696325331926,0.042090782837942244
65,-602.120486245283,803,53,1000.0,53000,-12.130463302612304,42000,0.14658075720071792,0.001,0.005275864415634354,0.04473401544615627,0.04371613339148462
64,-604.0760968703704,834,54,1000.0,54000,-12.021336256027222,43000,0.14987639859318733,0.001,0.005583449024824233,0.044573552628979086,0.04362742242775858
63,-601.5387811272728,860,55,1000.0,55000,-11.92725972175598,44000,0.14073466286063194,0.001,0.005701448466098612,0.044500547152012584,0.04373681339435279
62,-601.4447006964286,889,56,1000.0,56000,-11.90625286102295,45000,0.15500130504369736,0.001,0.005646213916185243,0.04506846565753222,0.04237771411798894
62,-601.5768400526317,915,57,1000.0,57000,-11.898590406417847,46000,0.14497866183519365,0.001,0.0061167156332007705,0.04467661946639419,0.044036527482792735
61,-601.5573422413795,944,58,1000.0,58000,-11.87614203453064,47000,0.14321875274181367,0.001,0.0064159644056287655,0.045074124217033384,0.04987941528856754
60,-591.1107990677967,973,59,1000.0,59000,-11.885565328598023,48000,0.14897468015551568,0.001,0.0071451566546272185,0.04583866844139993,0.05541966671124101
59,-595.6583383833334,1002,60,1000.0,60000,-11.830730596542358,49000,0.13973807394504548,0.001,0.007406537385019008,0.047893387638032435,0.06408402820304036
58,-599.6466700655739,1035,61,1000.0,61000,-11.82098351097107,50000,0.1278468295931816,0.001,0.00766930769708691,0.04821754704043269,0.07205738538503646
58,-601.4902613709679,1060,62,1000.0,62000,-11.823533706665039,51000,0.12935824543237687,0.001,0.0076499870563384986,0.048531805977225305,0.07617089084908366
57,-595.7857830317462,1090,63,1000.0,63000,-11.810393842697144,52000,0.14846031665802,0.001,0.007108750656178733,0.047625829776749014,0.07219460992887616
57,-590.1896308437499,1114,64,1000.0,64000,-11.761879379272461,53000,0.15175670385360718,0.001,0.007757844567418442,0.048571475580334665,0.068318718906492
57,-592.6659175692306,1138,65,1000.0,65000,-11.754821813583375,54000,0.13674646690487863,0.001,0.006861820082908694,0.04632760351337493,0.06686764081940055
56,-593.6477382575756,1159,66,1000.0,66000,-11.670992914199829,55000,0.12993336319923401,0.001,0.006525281354839621,0.04376375343464315,0.06334005357325077
56,-584.350665044776,1177,67,1000.0,67000,-11.602052186965942,56000,0.12619534358382226,0.001,0.00765036165264161,0.04591726516000926,0.062105032850056884
56,-584.7454834411764,1193,68,1000.0,68000,-11.389777629852295,57000,0.13447683230042456,0.001,0.006677161387963058,0.04432232039049268,0.06188176353275776
57,-575.9293861594202,1209,69,1000.0,69000,-11.299506380081176,58000,0.12769667729735373,0.001,0.007100798379050008,0.04639024017192423,0.05846321442350745
57,-570.2254696,1227,70,1000.0,70000,-11.164454063415528,59000,0.1342226706445217,0.001,0.006934007008335388,0.04431633323058486,0.0610622239485383
57,-570.9835797464789,1238,71,1000.0,71000,-10.991554885864257,60000,0.11897247210144997,0.001,0.0066143108259282815,0.044157874781638386,0.06599424300342799
57,-566.1159978333334,1248,72,1000.0,72000,-10.880162103652953,61000,0.13813970014452934,0.001,0.0065080382641885025,0.043238816337659955,0.06539242908358574
58,-565.3699148630137,1258,73,1000.0,73000,-10.630832391738892,62000,0.12047743871808052,0.001,0.006154399644698599,0.04120611150190234,0.06781096363067626
58,-563.1769750810811,1267,74,1000.0,74000,-10.5138583984375,63000,0.12665577083826066,0.001,0.006380571620701502,0.04211334752850235,0.06661333761736751
58,-559.5204064000001,1277,75,1000.0,75000,-10.352676095962524,64000,0.12402498424053192,0.001,0.006343777639928104,0.04256266750767827,0.06835510586574674
59,-556.79959525,1286,76,1000.0,76000,-10.113223655700683,65000,0.12482582032680511,0.001,0.006225439702393789,0.0406159882619977,0.07031806851550937
59,-555.4697946883117,1296,77,1000.0,77000,-9.98517456626892,66000,0.11624303385615349,0.001,0.006351449362681056,0.03998724452219903,0.06779189889505506
59,-546.431930025641,1306,78,1000.0,78000,-9.820514503479004,67000,0.1385260559618473,0.001,0.006156375510231174,0.03989350632578135,0.06664667450264096
60,-542.838315278481,1315,79,1000.0,79000,-9.66814801979065,68000,0.13710081353783607,0.001,0.005772954889177094,0.038860871495679024,0.06642723036929965
60,-537.643241125,1325,80,1000.0,80000,-9.503943862915039,69000,0.11527325063943863,0.001,0.0062840579980923475,0.03921226546727121,0.06494061418250203
60,-532.1326494691358,1335,81,1000.0,81000,-9.326805309295654,70000,0.13650934398174286,0.001,0.005914105410883656,0.03773073518648744,0.0633773650340736
60,-533.5379350121951,1344,82,1000.0,82000,-9.258630788803101,71000,0.119160608202219,0.001,0.006323622487701732,0.038219257870689034,0.059721628963947296
61,-532.9397328915662,1354,83,1000.0,83000,-9.157926755905152,72000,0.11859281435608864,0.001,0.00596519741741613,0.03911901001818478,0.05617919673770666
61,-531.3729079285715,1364,84,1000.0,84000,-9.1373872756958,73000,0.12457114160060882,0.001,0.006793971978700516,0.04194527437910438,0.0528517743665725
61,-530.5337447411765,1374,85,1000.0,85000,-9.13766115951538,74000,0.13322036936879159,0.001,0.0065170904843621395,0.03990453980863094,0.05047845159471035
62,-533.7075823953489,1384,86,1000.0,86000,-9.118898178100586,75000,0.11187462285161018,0.001,0.006383453718897834,0.039251780278980734,0.04808551021106541
62,-533.2214971149426,1394,87,1000.0,87000,-9.083497909545898,76000,0.12413471266627311,0.001,0.00670919950690124,0.04086023667640984,0.046185118567198515
62,-534.5021105795455,1404,88,1000.0,88000,-8.996725217819215,77000,0.1277923621237278,0.001,0.006035412155872087,0.03736630312912166,0.04519241357222199
62,-537.5885776741574,1413,89,1000.0,89000,-8.945397090911865,78000,0.11837748661637307,0.001,0.006812272589445924,0.039985856030136345,0.046891366343945265
63,-541.7265259222223,1423,90,1000.0,90000,-8.943919954299927,79000,0.11921561509370804,0.001,0.006732777884075967,0.03910288404673338,0.046992164893075825
63,-538.2110384725275,1433,91,1000.0,91000,-8.92786826324463,80000,0.126256837695837,0.001,0.006648129877915244,0.03897807451896369,0.04794559294730425
63,-538.738864978261,1443,92,1000.0,92000,-8.909578578948974,81000,0.12524205818772316,0.001,0.007163479561966259,0.04071878282725811,0.05055847672745586
63,-539.1011933548388,1453,93,1000.0,93000,-8.86511965751648,82000,0.13050549402832984,0.001,0.007475308786812809,0.04079391297698021,0.04950236797705293
64,-540.4848525425533,1463,94,1000.0,94000,-8.844086582183838,83000,0.12444449588656425,0.001,0.0067469500226224645,0.03939473737590015,0.04985873415321112
64,-544.0582582842106,1473,95,1000.0,95000,-8.80840033340454,84000,0.12968617230653762,0.001,0.007313142895279004,0.04193093814328313,0.049057687256485225
64,-547.646723625,1483,96,1000.0,96000,-8.784795083999633,85000,0.11683462113142014,0.001,0.0062981599237528305,0.039454581463709476,0.04855543484352529
64,-548.211013515464,1497,97,1000.0,97000,-8.73391114616394,86000,0.11613698303699493,0.001,0.0069645287607944415,0.04189354627393186,0.047300216812640426
64,-548.6092799897959,1509,98,1000.0,98000,-8.688838207244872,87000,0.12245175912976265,0.001,0.006319014785356984,0.03878829994238913,0.04767128053121269
65,-546.331993878788,1522,99,1000.0,99000,-8.662047649383545,88000,0.11635779142379761,0.001,0.007116998708035056,0.04159948584809899,0.047735146928578616
65,-546.6636907900001,1536,100,1000.0,100000,-8.60017544746399,89000,0.14146119281649588,0.001,0.006085158918067895,0.03977298516780138,0.04894097512587905
65,-545.1166328300001,1552,101,1000.0,101000,-8.570399837493897,90000,0.125212924182415,0.001,0.006620168567566223,0.041633263304829596,0.050736385699361564
65,-540.5948437700001,1566,102,1000.0,102000,-8.580763080596924,91000,0.13684435933828354,0.001,0.006745460159378374,0.041459232971072194,0.055399016574025156
65,-537.51636064,1580,103,1000.0,103000,-8.55611791419983,92000,0.13383764997124672,0.001,0.006608829966858163,0.04199866408482194,0.06040245670080185
65,-538.86884351,1596,104,1000.0,104000,-8.582684871673584,93000,0.12674374505877495,0.001,0.0075642095491973965,0.044803580624982714,0.06862088802456856
65,-535.76455119,1611,105,1000.0,105000,-8.554828477859497,94000,0.11243103593587875,0.001,0.006261975799378228,0.03878804373182356,0.0710749920271337
64,-536.08156656,1631,106,1000.0,106000,-8.533726791381836,95000,0.11652719527482987,0.001,0.006789547036742473,0.04096674563921988,0.07750210312381386
64,-539.95313237,1652,107,1000.0,107000,-8.483267263412476,96000,0.11681177392601967,0.001,0.006437359607475955,0.03943384201265872,0.07872722195461393
64,-530.31629753,1678,108,1000.0,108000,-8.442538451194762,97000,0.11216128394007682,0.001,0.006521058875387033,0.039552480544894936,0.07573807893693447
64,-532.7634197799999,1701,109,1000.0,109000,-8.415766890525818,98000,0.127316764742136,0.001,0.007222771402970567,0.0413504959512502,0.08497662354260684
63,-534.8509037399999,1725,110,1000.0,110000,-8.34656049633026,99000,0.11287111788988113,0.001,0.006879623242588498,0.040033652747049925,0.08438352454826235
63,-538.99862177,1747,111,1000.0,111000,-8.265840279579162,100000,0.1275515988469124,0.001,0.006452575105667023,0.03872695187292993,0.08728811771422625
63,-533.6558474099999,1773,112,1000.0,112000,-8.172879158973695,101000,0.10673914179205894,0.001,0.006565264328439584,0.03991903682053089,0.08279447447136044
62,-529.02606978,1795,113,1000.0,113000,-8.114694123268128,102000,0.10938955321907998,0.001,0.006664144536454845,0.03954379139095545,0.0886656237654388
62,-521.4618601699999,1818,114,1000.0,114000,-8.030564116477967,103000,0.12547383084893227,0.001,0.006619181080634308,0.03963125422410667,0.08820826246961952
62,-521.64363667,1840,115,1000.0,115000,-7.963841287612915,104000,0.11354101747274399,0.001,0.006725005129866265,0.03910452690534293,0.09121864683926105
62,-519.0986832799999,1866,116,1000.0,116000,-7.879333374023438,105000,0.11030422672629356,0.001,0.006256720816273146,0.036324805803596975,0.0867002626992762
61,-517.2422871399999,1890,117,1000.0,117000,-7.7881357908248905,106000,0.11673113033175468,0.001,0.006874521749897045,0.04039917783625424,0.09049949608743191
61,-507.14307563,1914,118,1000.0,118000,-7.6852672634124755,107000,0.11354717090725899,0.001,0.006889428779748022,0.03953954807855189,0.08978099297732114
61,-499.35938978999997,1937,119,1000.0,119000,-7.652364855766296,108000,0.10725543722510338,0.001,0.00680068608231874,0.03767462178133428,0.0954543824903667
61,-491.16914572,1960,120,1000.0,120000,-7.611676459312439,109000,0.10756723955273628,0.001,0.007031848817901817,0.04049456953257322,0.10028119130805135
60,-475.96262228000006,1984,121,1000.0,121000,-7.548429988861084,110000,0.11945817843079568,0.001,0.006375860635489504,0.03717693109437823,0.1043321493268013
60,-461.7618309000001,2008,122,1000.0,122000,-7.51404289150238,111000,0.11420227214694023,0.001,0.006651982288308617,0.03920047157071531,0.10794203985482455
60,-443.37704348000005,2030,123,1000.0,123000,-7.463156335830688,112000,0.12003524228930473,0.001,0.007240017792376585,0.04043990341387689,0.10464465258270503
60,-439.09383127000007,2052,124,1000.0,124000,-7.449504870414734,113000,0.11791486889123917,0.001,0.007330215592846742,0.04287444513477385,0.1149317785948515
60,-418.63765689,2075,125,1000.0,125000,-7.392726455688477,114000,0.11323585882782936,0.001,0.006272827405297802,0.036421636570245025,0.10386800305917859
59,-400.9761268900001,2100,126,1000.0,126000,-7.389222524642944,115000,0.11350732892751694,0.001,0.007421869453937172,0.040501085389405486,0.1076085783727467
59,-378.96866071000005,2121,127,1000.0,127000,-7.396040910720825,116000,0.12839287146925926,0.001,0.007353384671264124,0.042169507775455715,0.11236979200318456
59,-371.68632596000003,2145,128,1000.0,128000,-7.4056014080047605,117000,0.11991401240229607,0.001,0.007191880818560991,0.04290319820120931,0.11543576230853796
59,-352.62142538999996,2166,129,1000.0,129000,-7.386078969955444,118000,0.11389335393905639,0.001,0.006667627309000852,0.03940336363203824,0.11368401052802801
59,-323.92770213000006,2189,130,1000.0,130000,-7.365893201828003,119000,0.12418312430381775,0.001,0.006563922700214606,0.040085388958454135,0.11378424014523625
59,-292.89668051999996,2211,131,1000.0,131000,-7.408641005516052,120000,0.11556541547179222,0.001,0.006739113896522838,0.041874115642160176,0.11447646382451057
58,-251.62673928999996,2237,132,1000.0,132000,-7.484336462974548,121000,0.12394585683941842,0.001,0.007196119355629502,0.04413859397545457,0.12049178158864379
58,-220.93202444999994,2261,133,1000.0,133000,-7.551618268013001,122000,0.11687249839305877,0.001,0.007580775750607463,0.043219860326498744,0.12121782913058997
58,-176.82882887,2288,134,1000.0,134000,-7.647072165489197,123000,0.11349297761917114,0.001,0.006647619289622644,0.04224268127046525,0.12244331454485655
58,-128.93300947999998,2314,135,1000.0,135000,-7.682996894836426,124000,0.11920427009463311,0.001,0.006705884622414466,0.043665712842717766,0.12282898059487343
58,-90.32547875999997,2343,136,1000.0,136000,-7.711500407218933,125000,0.12631578296422957,0.001,0.0064763257762945605,0.041696691323071716,0.11913154953718186
57,-54.51837521999998,2374,137,1000.0,137000,-7.7841403121948245,126000,0.12872470617294313,0.001,0.006204857789731218,0.04164703754521906,0.11852944193407894
57,-27.41790155999997,2401,138,1000.0,138000,-7.831196992874146,127000,0.11604355573654175,0.001,0.006665477036673525,0.044885366305708885,0.11024260836467147
57,-1.449788149999995,2429,139,1000.0,139000,-7.847627661705017,128000,0.12557238414883615,0.001,0.006318669789623904,0.04017386747710407,0.10515418320149184
57,22.690393630000006,2452,140,1000.0,140000,-7.890320665359497,129000,0.12558284848928453,0.001,0.006358570615413427,0.04261106254905462,0.10338551048934459
57,47.66965712000002,2473,141,1000.0,141000,-7.968615536689758,130000,0.1326919488608837,0.001,0.006526860793752525,0.04267063159123063,0.1052554787993431
56,72.64603070000001,2499,142,1000.0,142000,-7.999189704895019,131000,0.11819128692150116,0.001,0.006085398047003607,0.040896981859579684,0.10189543165639042
56,104.11139231000001,2517,143,1000.0,143000,-8.035671105384827,132000,0.135283974558115,0.001,0.006641968360913214,0.04352785649895668,0.1029426340162754
56,139.38747629000002,2541,144,1000.0,144000,-8.088131932258605,133000,0.12166166380047798,0.001,0.006406026005598661,0.04440682995133102,0.10394075982645154
56,169.30238251000003,2562,145,1000.0,145000,-8.15529303741455,134000,0.1216717965900898,0.001,0.006826558019342605,0.04641336477920413,0.10079697166383267
56,197.40431209,2584,146,1000.0,146000,-8.19144696521759,135000,0.11948219761252403,0.001,0.00630374054497693,0.04285614567250013,0.10169369948655367
56,223.78019903,2606,147,1000.0,147000,-8.234721557617188,136000,0.12884721159934998,0.001,0.006747566428890929,0.04606874550879002,0.09939410351961851
56,248.49429402,2626,148,1000.0,148000,-8.291760679244994,137000,0.13332137763500213,0.001,0.007135943976638525,0.043545385269448164,0.10251453590765595
56,277.49624656000003,2650,149,1000.0,149000,-8.348434215545653,138000,0.12546166703104972,0.001,0.008141442249362939,0.04616824948228895,0.12119597713649273
56,299.38384198000006,2672,150,1000.0,150000,-8.482718091011048,139000,0.12721138969063758,0.001,0.008949057752066761,0.04659252342581749,0.13876717925071716
56,329.83429008,2691,151,1000.0,151000,-8.570174500465393,140000,0.13540243059396745,0.001,0.00898382058499227,0.04654280886612833,0.1563065108284354
56,366.16473711000003,2711,152,1000.0,152000,-8.687973427772523,141000,0.13249602019786835,0.001,0.008766667462613953,0.04790921441093087,0.18068782031536101
55,396.79858321,2734,153,1000.0,153000,-8.811612014770509,142000,0.13879636600613593,0.001,0.00889731143083066,0.050435136631131174,0.19097744476050138
55,432.11574265,2757,154,1000.0,154000,-8.877812484741211,143000,0.1379959523677826,0.001,0.008188641379966655,0.048218598330393436,0.19892157895117998
55,459.84398441999997,2769,155,1000.0,155000,-8.968071632385254,144000,0.13489837497472762,0.001,0.008095623525830457,0.048762006260454654,0.20076226778328418
56,493.31959022,2779,156,1000.0,156000,-9.036478752136231,145000,0.1346428319811821,0.001,0.007548235096094108,0.04971183130517602,0.20139022225141526
56,515.0713116300001,2789,157,1000.0,157000,-9.11791949081421,146000,0.13548875078558922,0.001,0.007065781400893329,0.04693903024308384,0.20271524769067764
56,555.1501572100001,2800,158,1000.0,158000,-9.136870882034302,147000,0.13530105575919152,0.001,0.008623258133118412,0.05451562219858169,0.23182306785881518
56,570.4837716500001,2810,159,1000.0,159000,-9.32973748588562,148000,0.14310574010014535,0.001,0.009646488825466423,0.052809637159109114,0.2723874888420105
56,608.71772237,2820,160,1000.0,160000,-9.50206169128418,149000,0.14689191430807114,0.001,0.010282722074150234,0.06127177637442947,0.34433117942512037
56,634.61621158,2830,161,1000.0,161000,-9.7292953414917,150000,0.13997078388929368,0.001,0.010025348361182681,0.05669455811195075,0.4462464213967323
57,658.5210460800001,2840,162,1000.0,162000,-9.897452835083008,151000,0.14317665100097657,0.001,0.010980803148745057,0.05642394847050309,0.5552424157708883
57,672.21358784,2850,163,1000.0,163000,-10.173479322433472,152000,0.16268753707408906,0.001,0.010819491411822204,0.061468752216547726,0.6269189474582673
57,718.29727622,2860,164,1000.0,164000,-10.347873725891112,153000,0.15476270094513894,0.001,0.010529449553094407,0.05310902821831405,0.7313606454730034
57,757.4153279000001,2871,165,1000.0,165000,-10.602698026657105,154000,0.14148758202791215,0.001,0.011925214979192002,0.058855838110670446,0.8351851852536202
57,763.27709284,2881,166,1000.0,166000,-10.876481115341187,155000,0.1711186334490776,0.001,0.012312483402716509,0.06100051425024867,0.9412412864267826
57,788.63836618,2891,167,1000.0,167000,-11.079448246002197,156000,0.16171335577964782,0.001,0.012692352203913633,0.06301109593734146,1.0738782306909562
57,797.39294265,2901,168,1000.0,168000,-11.34477375793457,157000,0.16089089661836625,0.001,0.013092888306558975,0.06502424016222358,1.2366324391365051
58,820.4908463599999,2911,169,1000.0,169000,-11.539783224105834,158000,0.16956919878721238,0.001,0.013702626345397496,0.0664579040184617,1.3136807891130446
58,867.15351102,2921,170,1000.0,170000,-11.79542073059082,159000,0.17158216387033462,0.001,0.013406077246222194,0.06371510002389551,1.4864576461315155
58,897.4182963999998,2931,171,1000.0,171000,-12.204646858215332,160000,0.17029049396514892,0.001,0.012768595576199767,0.06770857872068882,1.609800321638584
58,944.7009814000002,2942,172,1000.0,172000,-12.501414686203002,161000,0.17503819465637208,0.001,0.012609311495092703,0.06804572662711143,1.766541424870491
58,996.20061994,2952,173,1000.0,173000,-12.873719554901124,162000,0.17306965738534927,0.001,0.01198968006181486,0.06701721102371812,1.8489978278279304
58,1044.4772568600001,2962,174,1000.0,174000,-13.243112487792969,163000,0.18267311304807662,0.001,0.012457913992887086,0.06810608711093664,1.857402822613716
58,1095.11842333,2972,175,1000.0,175000,-13.55798519897461,164000,0.1795773610472679,0.001,0.012458786394812434,0.07007022346183657,1.9401931630373002
59,1144.77342369,2982,176,1000.0,176000,-13.91367629814148,165000,0.19384864419698716,0.001,0.011881873364313336,0.06662610141187907,1.9177357317209245
59,1191.83624597,2992,177,1000.0,177000,-14.179473482131957,166000,0.184938283264637,0.001,0.011879085532876312,0.0732745710350573,1.8674789248108863
59,1235.04727006,3002,178,1000.0,178000,-14.463968103408813,167000,0.18519217371940613,0.001,0.012225238909181771,0.0756802365668118,2.0093082188367846
59,1283.8439873900002,3013,179,1000.0,179000,-14.639208345413207,168000,0.19375563859939576,0.001,0.012058198882627356,0.07252756617963314,1.9666249355077743
59,1332.59179103,3023,180,1000.0,180000,-14.894153802871704,169000,0.19044099897146224,0.001,0.010236307571582693,0.06764656346663833,1.960048489332199
59,1380.9796356,3035,181,1000.0,181000,-15.062040382385254,170000,0.20417534857988356,0.001,0.010127142583456672,0.06702553110569716,1.9485827757716179
59,1437.47254991,3047,182,1000.0,182000,-15.283619506835937,171000,0.18930830359458922,0.001,0.010505833890378234,0.0724346082136035,1.8290779907107353
59,1492.00321222,3059,183,1000.0,183000,-15.401340366363526,172000,0.1788475677371025,0.001,0.01034720284217758,0.06920783222094178,1.7755175446271896
59,1541.0362571199998,3071,184,1000.0,184000,-15.450935234069824,173000,0.17725630849599838,0.001,0.009181222785194596,0.06628794616460801,1.6888273082375527
59,1591.3309075999998,3084,185,1000.0,185000,-15.51668855857849,174000,0.19028668999671935,0.001,0.010967221553729301,0.0742770753018558,1.5546683539152146
60,1610.37368991,3098,186,1000.0,186000,-15.646303791046142,175000,0.19246318936347961,0.001,0.012236863154112328,0.07714964198693633,1.4818799180984497
60,1665.5323681700002,3115,187,1000.0,187000,-15.605175483703613,176000,0.19239404052495956,0.001,0.01013371365764676,0.07274900767952204,1.36272265625
60,1718.52794568,3132,188,1000.0,188000,-15.693775808334351,177000,0.1930199757218361,0.001,0.010432718405249043,0.07419362615793944,1.3241826706528663
59,1775.6523947,3150,189,1000.0,189000,-15.674676429748535,178000,0.19425546526908874,0.001,0.009867915284771498,0.07137437053769827,1.163688001215458
60,1831.4056236899999,3163,190,1000.0,190000,-15.774101846694947,179000,0.2113135874271393,0.001,0.010506068815985864,0.0767614029534161,1.0615862626433372
60,1883.7768184700003,3179,191,1000.0,191000,-15.81826854133606,180000,0.1819918140769005,0.001,0.008790731768170955,0.06946376947686077,1.003116896033287
60,1938.4523884799999,3195,192,1000.0,192000,-15.738136579513549,181000,0.2033949986100197,0.001,0.009158305540396693,0.06711584663018584,0.9055549809336663
60,1991.89963491,3215,193,1000.0,193000,-15.678701333999634,182000,0.19635279178619386,0.001,0.009972117673385567,0.07525893188640476,0.8383926818966866
60,2046.3234797999999,3230,194,1000.0,194000,-15.742745037078857,183000,0.2072511613368988,0.001,0.00989627227021439,0.0732717136144638,0.7720673823356629
60,2104.85291631,3245,195,1000.0,195000,-15.718848901748657,184000,0.21301508247852324,0.001,0.010583084452933541,0.07468887673690915,0.7254605387449264
60,2161.6246539900003,3265,196,1000.0,196000,-15.787314067840576,185000,0.2026629388332367,0.001,0.011216665271402054,0.08112297871336341,0.674513324201107
59,2215.84457394,3286,197,1000.0,197000,-15.797826467514039,186000,0.2033190295100212,0.001,0.009537304517702407,0.07221849819272756,0.6427626362740994
59,2272.5383647,3303,198,1000.0,198000,-15.819826362609863,187000,0.19346073865890503,0.001,0.01054945394630496,0.0808911261446774,0.5827803631722928
60,2325.64206831,3314,199,1000.0,199000,-15.91530153465271,188000,0.19795194268226624,0.001,0.010538297021149641,0.07723079610615968,0.5798521783351899
60,2382.37037148,3326,200,1000.0,200000,-15.952687620162964,189000,0.21178506016731263,0.001,0.01136447453565846,0.0846513300538063,0.5658187989294529
60,2429.56575635,3336,201,1000.0,201000,-16.056761344909667,190000,0.20657192915678024,0.001,0.011145423214511441,0.08188864884153009,0.5591335695683957
60,2481.47967549,3346,202,1000.0,202000,-16.04917897796631,191000,0.19361139535903932,0.001,0.010401655574999353,0.07850038465112448,0.5405774308741093
60,2531.8911928799994,3356,203,1000.0,203000,-16.09960182571411,192000,0.2148829698562622,0.001,0.011815950602555345,0.08840847282856702,0.5383006404340267
60,2589.5411249599997,3366,204,1000.0,204000,-16.132597227096557,193000,0.213046795129776,0.001,0.011324064148683621,0.08638497506454587,0.5400788814127445
60,2644.4588447600004,3376,205,1000.0,205000,-16.216177532196046,194000,0.2141417920589447,0.001,0.011341497416638827,0.08439116556197405,0.5231378509402275
60,2702.5469105099996,3386,206,1000.0,206000,-16.26607664299011,195000,0.2180898219347,0.001,0.010809358701326785,0.08710935807228089,0.5217679418325424
60,2756.0889075799996,3395,207,1000.0,207000,-16.281545640945435,196000,0.2217559650540352,0.001,0.010737956844496042,0.0850594787299633,0.5178928628861904
61,2805.6097633499994,3405,208,1000.0,208000,-16.29856445503235,197000,0.23496971577405928,0.001,0.010626929377520118,0.08254405775666238,0.5148552366495133
61,2868.8475999599996,3415,209,1000.0,209000,-16.295474098205567,198000,0.2154005616903305,0.001,0.010663300642009588,0.08989924446865916,0.5010856964588165
61,2929.310050729999,3425,210,1000.0,210000,-16.31357553291321,199000,0.22861554026603698,0.001,0.010475755899576056,0.08276151440665126,0.4685551136434078
61,2986.14066352,3435,211,1000.0,211000,-16.32982028579712,200000,0.20767121464014054,0.001,0.011212345631203342,0.08907133438065648,0.4683660473227501
61,3041.4569093199993,3445,212,1000.0,212000,-16.369030746459963,201000,0.22998756170272827,0.001,0.011701012964757928,0.09523596675693989,0.45320747688412666
61,3097.213355,3455,213,1000.0,213000,-16.37830697822571,202000,0.23750361800193787,0.001,0.010712966061090467,0.08931402131542564,0.44060794305801393
61,3143.8063693499994,3465,214,1000.0,214000,-16.459638189315797,203000,0.25321572422981264,0.001,0.012689762219247839,0.09046912498027086,0.4426155287921429
61,3204.99293992,3475,215,1000.0,215000,-16.5681820602417,204000,0.22963279187679292,0.001,0.012671230554034749,0.09369499955698848,0.4621176809966564
61,3268.4147463799995,3485,216,1000.0,216000,-16.868845008850098,205000,0.2511191815137863,0.001,0.01396461090921788,0.09579109735786914,0.5009833136200905
62,3331.9971762100004,3495,217,1000.0,217000,-17.242874055862426,206000,0.23706130534410477,0.001,0.015874304652163822,0.10392146623879671,0.5713037190139294
62,3379.3607693200006,3505,218,1000.0,218000,-17.757029832839965,207000,0.2528092354536057,0.001,0.016973590999762523,0.10979398546367884,0.6636281998455524
62,3437.9643323,3515,219,1000.0,219000,-18.177453996658326,208000,0.2717048332095146,0.001,0.0173550390061349,0.10922374910116196,0.7623490405678749
62,3497.09794936,3525,220,1000.0,220000,-18.658804134368896,209000,0.27063140720129014,0.001,0.01922536301270396,0.11644645496457816,0.8705869093537331
62,3545.17169277,3535,221,1000.0,221000,-19.21968056869507,210000,0.28582683205604553,0.001,0.019524017348267194,0.11599999304115773,1.0095708194077015
62,3595.3146263499993,3545,222,1000.0,222000,-19.8088549118042,211000,0.26884118020534514,0.001,0.021476066429063433,0.1351821655035019,1.1710456117391586
62,3636.8944505199993,3555,223,1000.0,223000,-20.366824291229246,212000,0.2998200595378876,0.001,0.022302443374550646,0.13239179688692093,1.3403183329105377
62,3698.63332154,3565,224,1000.0,224000,-20.87366805267334,213000,0.28299450129270554,0.001,0.022728248047266177,0.14079135548323393,1.5200126759409904
62,3744.56488298,3574,225,1000.0,225000,-21.44028883743286,214000,0.2897275224328041,0.001,0.02216433576344585,0.13661479653418065,1.7288117541074752
63,3796.1448860800006,3585,226,1000.0,226000,-22.004755489349364,215000,0.3059798330068588,0.001,0.020739195310143774,0.1275228386372328,1.8665275527238845
63,3843.60708354,3594,227,1000.0,227000,-22.4845133934021,216000,0.2934592828154564,0.001,0.023755817201077598,0.15296017538756132,1.8963516920804977
63,3904.4849110100004,3604,228,1000.0,228000,-22.919502838134765,217000,0.2987638026475906,0.001,0.022012666103186845,0.14087592232227325,2.105352725028992
63,3954.33174794,3614,229,1000.0,229000,-23.451471420288087,218000,0.33396603763103483,0.001,0.02444961679523129,0.14774200765043496,2.215621264696121
63,3993.50268365,3624,230,1000.0,230000,-23.796382106781007,219000,0.30373495519161225,0.001,0.025338550029147824,0.1605161967948079,2.24606041932106
63,4031.961759310001,3634,231,1000.0,231000,-24.40231747817993,220000,0.3135844200849533,0.001,0.023788280859493603,0.1521574472412467,2.2896134259700776
63,4073.61243457,3644,232,1000.0,232000,-24.826533977508547,221000,0.32321705520153043,0.001,0.025274777386254728,0.1582259589061141,2.311958648443222
63,4113.50527846,3654,233,1000.0,233000,-25.22990800476074,222000,0.3170641243457794,0.001,0.02503063752748817,0.15829237284511327,2.442908966422081
63,4152.09328493,3664,234,1000.0,234000,-25.65658182144165,223000,0.3348057448863983,0.001,0.023873119704666372,0.15945471900701522,2.320031845211983
63,4192.7648547300005,3674,235,1000.0,235000,-25.842270656585693,224000,0.35534495711326597,0.001,0.022951934622227766,0.16019831481575966,2.346704929471016
64,4206.820583520001,3684,236,1000.0,236000,-26.163675415039062,225000,0.3261399507522583,0.001,0.024617527774877034,0.16771814477443694,2.3567595083713533
64,4246.610216830001,3694,237,1000.0,237000,-26.61779991531372,226000,0.35245136320590975,0.001,0.025515246363859805,0.1750037379488349,2.3873459120988847
64,4289.10309364,3704,238,1000.0,238000,-27.048370944976806,227000,0.35743865072727204,0.001,0.028923257488331373,0.192977792032063,2.4810118714571
64,4330.449254970001,3714,239,1000.0,239000,-27.464717403411864,228000,0.35563790500164033,0.001,0.024479194752660954,0.16122966200858355,2.3733689111471175
64,4359.82939649,3724,240,1000.0,240000,-27.7636195602417,229000,0.33045524954795835,0.001,0.025583173421858948,0.17640647652000188,2.4499987885951997
64,4401.839688,3734,241,1000.0,241000,-28.07155403137207,230000,0.35185208916664124,0.001,0.0264919952412222,0.18606763517856598,2.5007735847234724
64,4444.14462594,3744,242,1000.0,242000,-28.174235027313234,231000,0.3550061613321304,0.001,0.023784674329966785,0.1719531562551856,2.4651336686611174
64,4484.92854849,3754,243,1000.0,243000,-28.540550243377684,232000,0.36769767105579376,0.001,0.025763671100826297,0.19005459682643414,2.470636777639389
64,4524.44748057,3764,244,1000.0,244000,-28.641031826019287,233000,0.3588098645210266,0.001,0.024475145363668186,0.17201623740792274,2.582333610415459
64,4566.17009226,3774,245,1000.0,245000,-29.01991589355469,234000,0.3525418907403946,0.001,0.025106217493389534,0.1887751683369279,2.450418506741524
64,4605.70587862,3784,246,1000.0,246000,-29.205365856170655,235000,0.3571236699819565,0.001,0.0265189872974946,0.18456948278844357,2.5169293123483656
65,4648.561698889999,3794,247,1000.0,247000,-29.433433490753174,236000,0.3877696722745895,0.001,0.02447870624207944,0.17237710551917554,2.4140436618328094
65,4690.687353229999,3804,248,1000.0,248000,-29.538807689666747,237000,0.37265360951423643,0.001,0.025693645555158764,0.19200402282178403,2.483532749891281
65,4734.119234639999,3814,249,1000.0,249000,-29.77289112854004,238000,0.39247492253780364,0.001,0.02552180787119797,0.1896962278932333,2.467427834749222
65,4780.04123027,3824,250,1000.0,250000,-29.782202739715576,239000,0.3809641093015671,0.001,0.025489511784780372,0.18500497334450483,2.415619879961014
65,4824.8717146300005,3834,251,1000.0,251000,-29.96561962890625,240000,0.40140668451786043,0.001,0.027398860902004326,0.2004460907354951,2.4678859935998916
65,4860.97314982,3844,252,1000.0,252000,-30.08005491256714,241000,0.38709150850772855,0.001,0.02575512159402629,0.18685245564579964,2.402646791577339
65,4902.90908608,3854,253,1000.0,253000,-30.262825859069824,242000,0.3854164153337479,0.001,0.026527509013070587,0.19528078450262545,2.386059073805809
65,4940.64654801,3864,254,1000.0,254000,-30.297852642059325,243000,0.3952350080013275,0.001,0.023317694095086935,0.17375055548548698,2.4922744551897047
65,4982.36009859,3874,255,1000.0,255000,-30.41603084945679,244000,0.4141923666000366,0.001,0.02569496901487955,0.2025864202529192,2.354995883464813
65,5021.947471969999,3884,256,1000.0,256000,-30.465187328338622,245000,0.3976923644542694,0.001,0.026378196379008977,0.19606331533193588,2.321383856058121
65,5071.360208,3894,257,1000.0,257000,-30.435103050231934,246000,0.4006859570741653,0.001,0.027032815889089522,0.19287945687770844,2.38236958360672
66,5103.56467231,3904,258,1000.0,258000,-30.54309818267822,247000,0.42273174226284027,0.001,0.029889110486297346,0.22592626900970936,2.290207761049271
66,5153.23367654,3914,259,1000.0,259000,-30.748270923614502,248000,0.39197919964790345,0.001,0.029400838771472565,0.2189450374543667,2.363714721918106
66,5186.966484979999,3924,260,1000.0,260000,-30.840495334625246,249000,0.42432519495487214,0.001,0.02652788839097142,0.20106419056653976,2.355786217212677
66,5236.27934317,3934,261,1000.0,261000,-30.719598377227783,250000,0.4125582605600357,0.001,0.02821343880382188,0.21032517778873444,2.249603050947189
66,5288.9174867599995,3944,262,1000.0,262000,-30.83327615356445,251000,0.3958380728960037,0.001,0.026529310770801503,0.2008340098336339,2.260783376097679
66,5342.91767703,3954,263,1000.0,263000,-30.92425054550171,252000,0.42673660814762115,0.001,0.027571787659151897,0.2085873576104641,2.189224360704422
66,5353.794718409999,3964,264,1000.0,264000,-31.143624408721923,253000,0.4383744329214096,0.001,0.029530752936778253,0.2355188778191805,2.2089358644485473
66,5381.325093359999,3974,265,1000.0,265000,-31.632762367248535,254000,0.44699336886405944,0.001,0.028661645117949067,0.21369278246164322,2.383952222108841
66,5437.439864839998,3984,266,1000.0,266000,-32.606472640991214,255000,0.44107100963592527,0.001,0.029156849048423274,0.22293955545127392,2.7595006132125857
66,5470.37661674,3994,267,1000.0,267000,-33.555914447784424,256000,0.43854832351207734,0.001,0.033342912274524246,0.23314366663992406,3.1815169421434404
66,5514.85108941,4004,268,1000.0,268000,-34.49370481872558,257000,0.5097731351852417,0.001,0.031165102354116504,0.2334441444426775,3.7431494239568712
67,5550.9298677100005,4014,269,1000.0,269000,-35.39386957931519,258000,0.43890364468097687,0.001,0.032505966116091016,0.23844515649974346,4.37847043967247
67,5568.3874350999995,4024,270,1000.0,270000,-36.02044176101685,259000,0.45985432267189025,0.001,0.03049616951894544,0.22022806373238563,4.710007218360901
67,5605.01226666,4034,271,1000.0,271000,-36.75617917251587,260000,0.4779223263263702,0.001,0.03328878971255129,0.24164448830485344,5.502109374523163
67,5616.772533859999,4044,272,1000.0,272000,-37.08175312805176,261000,0.47639305591583253,0.001,0.031866574131253864,0.23708199694752694,5.543463192224502
67,5635.339275,4054,273,1000.0,273000,-37.77620799255371,262000,0.45384925305843354,0.001,0.032980610098609274,0.24662359763681888,5.829928167104721
67,5654.11945434,4073,274,1000.0,274000,-37.87446711730957,263000,0.4920354694128036,0.001,0.02912589895178384,0.21885142359137535,5.882952295303345
67,5667.06847696,4091,275,1000.0,275000,-38.07287830352783,264000,0.4847474455833435,0.001,0.03392819488666307,0.2668768156170845,5.967527430057526
67,5685.4541411499995,4111,276,1000.0,276000,-38.17632280731201,265000,0.5136921584606171,0.001,0.031170772915873037,0.23432124996185302,6.033925151348114
66,5707.76723987,4134,277,1000.0,277000,-38.420352630615234,266000,0.5019122958183289,0.001,0.0331442103310632,0.25903271624445917,6.235013786792755
66,5728.48214806,4155,278,1000.0,278000,-38.770962615966795,267000,0.5146378725767136,0.001,0.03405177657656789,0.2648541445583105,5.997974437713623
66,5749.205140820001,4181,279,1000.0,279000,-38.935068687438964,268000,0.49333653450012205,0.001,0.03358150232604978,0.2676223414838314,5.878794532060623
66,5769.212205670001,4205,280,1000.0,280000,-38.992499084472655,269000,0.5015070468187333,0.001,0.03359331103266978,0.2696180924475193,5.815917914628982
66,5782.618082890001,4229,281,1000.0,281000,-38.99029749298096,270000,0.4989718496799469,0.001,0.03411990141096975,0.2679288493990898,5.577504937410355
66,5793.57105448,4252,282,1000.0,282000,-39.03893312835693,271000,0.5124960005283355,0.001,0.032816914545030156,0.2689162838757038,5.536410922288895
66,5810.220701880001,4273,283,1000.0,283000,-38.99935160827637,272000,0.5087828516960144,0.001,0.03164320401221479,0.2675241519510746,5.3937628262043
66,5833.069196920001,4297,284,1000.0,284000,-39.21639196777344,273000,0.4880264699459076,0.001,0.033306167058064,0.27585911978781225,5.4069129338264466
66,5853.45877801,4317,285,1000.0,285000,-39.536201164245604,274000,0.5150725483894348,0.001,0.03224036317689232,0.261255761012435,5.186048196792602
65,5910.486222530001,4333,286,1000.0,286000,-39.80440629577637,275000,0.4923971712589264,0.001,0.036434129585372954,0.31040481840074063,5.082457189321518
65,5929.233549570001,4350,287,1000.0,287000,-39.60389575958252,276000,0.5363087475299835,0.001,0.02957707506433369,0.24846612322330475,4.902156507253647
65,5949.25419368,4366,288,1000.0,288000,-39.919380592346194,277000,0.5275451898574829,0.001,0.03641402456689222,0.3131345633864403,4.758531435966492
65,5969.7675406,4387,289,1000.0,289000,-39.9255422744751,278000,0.5374453067779541,0.001,0.03435988943170097,0.28907602490484713,4.763002460479736
65,5991.00577026,4399,290,1000.0,290000,-40.125653297424314,279000,0.5340836346149445,0.001,0.03484383192308488,0.2870492289066315,4.671592352151871
65,6006.1168768,4409,291,1000.0,291000,-40.28802568817139,280000,0.5404635697603226,0.001,0.035741516417294804,0.31558461955189704,4.5504657425880435
66,6025.95466701,4419,292,1000.0,292000,-40.260252601623534,281000,0.5499349862337113,0.001,0.03436603595643576,0.3066953390985727,4.544995440483094
66,6045.55871652,4429,293,1000.0,293000,-40.61558114624023,282000,0.5510202765464782,0.001,0.03637436682011162,0.3087369536161423,4.563416592121124
66,6066.0840861199995,4439,294,1000.0,294000,-40.746773475646975,283000,0.5423945307731628,0.001,0.0367108106966312,0.3057432110309601,4.613345554590225
66,6083.268722349999,4449,295,1000.0,295000,-40.730324409484865,284000,0.572055560350418,0.001,0.03338818463221756,0.29646052183210847,4.364838711023331
66,6103.828174379999,4459,296,1000.0,296000,-40.74767317962647,285000,0.5797002136707305,0.001,0.0331957785399942,0.29544824922084806,4.271302538871765
66,6122.618191320001,4469,297,1000.0,297000,-40.945377716064456,286000,0.5902437806129456,0.001,0.035947271058062676,0.3199012922346592,4.179085383415222
66,6139.973492870002,4479,298,1000.0,298000,-40.96075307464599,287000,0.5647053003311158,0.001,0.03528590980806833,0.3260052839666605,4.2714171800613405
66,6159.27311338,4489,299,1000.0,299000,-41.17502743530274,288000,0.5744627416133881,0.001,0.035771225239728595,0.3175242111980915,4.25153557062149
66,6176.86944295,4499,300,1000.0,300000,-41.33946890258789,289000,0.5811394691467285,0.001,0.036104077520376025,0.32315311655402185,4.191720108270645
66,6197.79345406,4509,301,1000.0,301000,-41.43283094024658,290000,0.6075218319892883,0.001,0.039778082585230815,0.3459727189540863,4.199219961881638
66,6211.38730316,4519,302,1000.0,302000,-41.39093717956543,291000,0.6023797214031219,0.001,0.035497941764313125,0.3263335436433554,4.253393982648849
66,6226.6501188600005,4537,303,1000.0,303000,-41.57897164916992,292000,0.5775948524475097,0.001,0.03297837327022834,0.3238090809434652,4.096531523942947
66,6242.542191240001,4547,304,1000.0,304000,-41.65329700469971,293000,0.5795104205608368,0.001,0.034657677174285625,0.3150423005372286,4.079022393465042
66,6254.831305360001,4557,305,1000.0,305000,-41.54465849304199,294000,0.5864196479320526,0.001,0.032807358333699334,0.3073489846289158,4.019629824638367
66,6269.95845538,4575,306,1000.0,306000,-41.72734435272217,295000,0.588432890176773,0.001,0.0366256343571905,0.33918212373554707,3.908976699113846
66,6290.960498760001,4589,307,1000.0,307000,-41.62916082000732,296000,0.5891400218009949,0.001,0.03239684609002397,0.31437470772862436,3.96815643453598
66,6302.002923420001,4612,308,1000.0,308000,-41.71817275238037,297000,0.5950131237506866,0.001,0.03665737805039863,0.3416013552993536,3.918825529098511
66,6315.54728969,4633,309,1000.0,309000,-41.58324153900146,298000,0.6128561735153198,0.001,0.03532657214694215,0.326117673188448,3.879057060241699
66,6328.067044060001,4655,310,1000.0,310000,-41.70640147399902,299000,0.622324013710022,0.001,0.036037918205809295,0.34887773007154466,3.811909436225891
66,6344.06758311,4679,311,1000.0,311000,-41.6098589553833,300000,0.6007940471172333,0.001,0.036422830427519225,0.34265493358671667,3.7909218955039976
66,6358.547642099999,4702,312,1000.0,312000,-41.69302909851074,301000,0.6340793430805206,0.001,0.03435094604023402,0.3280611018240452,3.7724409980773927
66,6373.242344499999,4726,313,1000.0,313000,-41.565111351013186,302000,0.6171052992343903,0.001,0.03702775936165392,0.34496191039681434,3.7472683091163637
66,6395.089719259999,4752,314,1000.0,314000,-41.73708957672119,303000,0.5898325860500335,0.001,0.03715321319935205,0.36067501272261143,3.776574167728424
65,6409.11814514,4774,315,1000.0,315000,-41.59353742218018,304000,0.6375903248786926,0.001,0.03337147942087858,0.33774555613100526,3.708381738424301
65,6419.98314046,4793,316,1000.0,316000,-41.674227920532225,305000,0.6322365462779999,0.001,0.035620281140262985,0.3507434493750334,3.5435548577308653
65,6427.970147720001,4819,317,1000.0,317000,-41.75196863555908,306000,0.6320998430252075,0.001,0.03531069625884138,0.3578626856505871,3.550501660108566
65,6445.99016812,4839,318,1000.0,318000,-41.793760246276854,307000,0.6232746183872223,0.001,0.034710637072220676,0.35912179373204706,3.5060284214019775
65,6452.092364289999,4860,319,1000.0,319000,-41.78362606811523,308000,0.6274854004383087,0.001,0.03563777063655835,0.35522335237264635,3.547679209947586
65,6459.2612420899995,4881,320,1000.0,320000,-41.6312276763916,309000,0.6390930056571961,0.001,0.03509505413343129,0.3431643554270267,3.5593740538358687
65,6469.452094379999,4902,321,1000.0,321000,-41.706916305541995,310000,0.634869784116745,0.001,0.03297140983276005,0.3357368404120207,3.437359065890312
65,6476.31149683,4922,322,1000.0,322000,-41.67630807495117,311000,0.6424208343029022,0.001,0.0350092084727183,0.3493268517255783,3.4571636650562287
65,6492.338961840001,4945,323,1000.0,323000,-41.6325064239502,312000,0.613685667514801,0.001,0.03571751713228697,0.3746503738164902,3.464822960615158
65,6503.70569758,4967,324,1000.0,324000,-41.58895485687256,313000,0.6554384350776672,0.001,0.03490822736369352,0.3566449819803238,3.4854805471897126
65,6514.664369770001,4983,325,1000.0,325000,-41.65154718780518,314000,0.6741631031036377,0.001,0.03605373912747271,0.38039450567960736,3.4252689200639725
65,6521.575573290001,4995,326,1000.0,326000,-41.67384647369385,315000,0.664072448015213,0.001,0.03576863664196835,0.3914534712731838,3.36272712290287
65,6528.203755110002,5007,327,1000.0,327000,-41.66543109893799,316000,0.6457976400852203,0.001,0.03697542682567396,0.3762465372085571,3.479361718416214
65,6534.858226040001,5023,328,1000.0,328000,-41.74859575653076,317000,0.6812292695045471,0.001,0.0331403399253665,0.3616756971478462,3.339561311125755
65,6542.223427190001,5033,329,1000.0,329000,-41.681608894348145,318000,0.677636694908142,0.001,0.03234143385120463,0.3631933178603649,3.3221841002702712
65,6550.235273630002,5043,330,1000.0,330000,-41.663865043640136,319000,0.6453136503696442,0.001,0.03598048105319486,0.3755463944375515,3.436047717690468
65,6558.693238360001,5053,331,1000.0,331000,-41.70811045074463,320000,0.6764277517795563,0.001,0.03256851199206597,0.35316672483086586,3.3484033007621763
65,6564.943414210001,5063,332,1000.0,332000,-41.640243782043456,321000,0.6639193058013916,0.001,0.03564815063270825,0.3686515617072582,3.2613984817266464
65,6572.008258649999,5073,333,1000.0,333000,-41.527400352478026,322000,0.6714355766773223,0.001,0.03319127720701555,0.35978584638237954,3.297107223987579
65,6577.07095084,5083,334,1000.0,334000,-41.565731521606445,323000,0.6914709627628326,0.001,0.03558380042603197,0.3744641121327877,3.200735759496689
65,6581.217777939997,5093,335,1000.0,335000,-41.27807751464844,324000,0.6841813921928406,0.001,0.03300466648996002,0.3694536256194115,3.277241014957428
65,6611.27461144,5103,336,1000.0,336000,-41.36723023223877,325000,0.6879437088966369,0.001,0.03531184795132135,0.36815896174311635,3.2224118732213975
65,6617.189168019999,5113,337,1000.0,337000,-41.25673377990723,326000,0.6814994394779206,0.001,0.03572431615196183,0.38785638877749445,3.1674673527479174
65,6623.8628104300005,5123,338,1000.0,338000,-41.11020377349853,327000,0.6962669014930725,0.001,0.033202607464422704,0.35169987562298777,3.0689031249284744
66,6629.232323849999,5133,339,1000.0,339000,-41.186273239135744,328000,0.6755545675754547,0.001,0.033899494675327504,0.3872378827929497,2.9412326101064683
66,6647.628175570001,5143,340,1000.0,340000,-41.252808822631835,329000,0.6812201261520385,0.001,0.0348943572732123,0.38787446758151056,2.975657902956009
66,6651.71456518,5153,341,1000.0,341000,-41.133070533752445,330000,0.6915657937526702,0.001,0.035684287741703645,0.39160814869403837,2.964388448596001
66,6656.440555769999,5164,342,1000.0,342000,-41.04410981750488,331000,0.6900817453861237,0.001,0.03627788429079974,0.39126185223460197,2.908983173251152
66,6659.261039019999,5174,343,1000.0,343000,-41.18872372436523,332000,0.6911862611770629,0.001,0.03467229454024657,0.3913721968531609,2.9013980464935303
66,6665.19555141,5184,344,1000.0,344000,-41.174700546264646,333000,0.6979660451412201,0.001,0.03715545638101149,0.3956385436058044,2.8007238503694536
66,6669.3323642099995,5194,345,1000.0,345000,-41.04571548461914,334000,0.7340120851993561,0.001,0.03516357777424142,0.3939505563676357,2.7651924958229066
66,6673.919084430002,5204,346,1000.0,346000,-41.20574369049072,335000,0.7127335965633392,0.001,0.03585765859156479,0.4032167871594429,2.7465040959119795
66,6680.484109459999,5218,347,1000.0,347000,-41.10397891235352,336000,0.7240345716476441,0.001,0.03189676598990577,0.3761071515083313,2.740962263941765
66,6683.172848159999,5228,348,1000.0,348000,-41.19045863342285,337000,0.6957233786582947,0.001,0.03454383173370096,0.38375543826818465,2.7085400273799896
66,6684.666022419999,5238,349,1000.0,349000,-41.087704460144046,338000,0.7136917233467102,0.001,0.03546921478147893,0.4036321029663086,2.7340772317647932
66,6691.687083729999,5250,350,1000.0,350000,-41.1525405960083,339000,0.7159067511558532,0.001,0.034624107158711455,0.38051813539862633,2.7298185241222384
66,6693.728194079999,5261,351,1000.0,351000,-41.137719329833985,340000,0.7160340309143066,0.001,0.036713179669587453,0.4111783582866192,2.682693717479706
66,6699.24718595,5271,352,1000.0,352000,-41.21227574157715,341000,0.7067970037460327,0.001,0.03582463678143096,0.41230686736106875,2.6902452961206436
66,6699.360721980001,5289,353,1000.0,353000,-41.215446853637694,342000,0.7273850381374359,0.001,0.03359178244911757,0.3925728552043438,2.616239316344261
66,6705.825434879999,5304,354,1000.0,354000,-41.092471481323244,343000,0.7428717136383056,0.001,0.033976714745251255,0.3862590406835079,2.556171608567238
66,6711.660072399999,5317,355,1000.0,355000,-40.99824645233154,344000,0.7379551947116851,0.001,0.03135886328878879,0.37491768682003024,2.577700325131416
66,6715.896877409999,5332,356,1000.0,356000,-41.01541316223145,345000,0.7297590494155883,0.001,0.03531524330801289,0.40239057141542434,2.5801183326244352
66,6720.313837270001,5349,357,1000.0,357000,-40.86996228790283,346000,0.7618392169475555,0.001,0.03226826704088621,0.36415866848826406,2.500986675143242
66,6723.906443200002,5362,358,1000.0,358000,-41.16786759185791,347000,0.7210534811019897,0.001,0.037150666611177274,0.43181748035550116,2.447451233506203
66,6725.957754830001,5392,359,1000.0,359000,-41.26704345703125,348000,0.7502756416797638,0.001,0.035930877817697514,0.4190452225506306,2.4982642053365707
66,6733.474535380001,5414,360,1000.0,360000,-41.29292398834229,349000,0.7446743369102478,0.001,0.03412259150243878,0.40735818940401075,2.4933897095918653
66,6738.775974770001,5439,361,1000.0,361000,-41.26828907012939,350000,0.7671053767204284,0.001,0.03401738425179234,0.3919780412316322,2.3781828926801682
66,6739.091740740001,5462,362,1000.0,362000,-41.27657369995117,351000,0.7471112191677094,0.001,0.03521846753552596,0.4139623882472515,2.3743684109449386
66,6743.9440571800005,5483,363,1000.0,363000,-41.2210814666748,352000,0.7531897962093353,0.001,0.035881213023839474,0.4320475363731384,2.412206406712532
66,6758.82448768,5506,364,1000.0,364000,-41.286875923156735,353000,0.7586289823055268,0.001,0.03557138736518872,0.41038087669014933,2.4269102280139925
65,6771.183622940001,5531,365,1000.0,365000,-41.31102751922607,354000,0.7378052353858948,0.001,0.03561415476964667,0.4073761071264744,2.4266617872714997
65,6787.719285790002,5555,366,1000.0,366000,-41.39135984802246,355000,0.777970826625824,0.001,0.03620116010137166,0.4191022352576256,2.4397700424194335
65,6797.30608278,5575,367,1000.0,367000,-41.367632919311525,356000,0.7695611119270325,0.001,0.03297993808405562,0.38690713691711426,2.3321248942613604
65,6817.10333075,5599,368,1000.0,368000,-41.440615310668946,357000,0.7442459464073181,0.001,0.03875553335473797,0.44723796531558035,2.39511534178257
65,6830.455008560001,5622,369,1000.0,369000,-41.39011022949219,358000,0.768489009141922,0.001,0.03368370615430378,0.37062691727280617,2.3640751413106917
65,6837.774248429999,5645,370,1000.0,370000,-41.55692378997803,359000,0.7705447614192963,0.001,0.03540709607136992,0.42007942232489587,2.378118556857109
65,6846.686196730001,5667,371,1000.0,371000,-41.525038162231446,360000,0.7713017940521241,0.001,0.0321813120812223,0.38902945187687876,2.3692719802856446
65,6857.78334015,5686,372,1000.0,372000,-41.58840613555908,361000,0.7847399592399598,0.001,0.03817376777138087,0.45266943007707594,2.385655219912529
65,6857.83886184,5710,373,1000.0,373000,-41.56009621429443,362000,0.7859474420547485,0.001,0.03322297166002063,0.4078338199555874,2.3318316330909727
65,6862.25920769,5729,374,1000.0,374000,-41.8179663848877,363000,0.8001991868019104,0.001,0.03659951731588259,0.4350445984005928,2.390869075655937
65,6873.92578356,5746,375,1000.0,375000,-41.75726378631592,364000,0.7896011412143707,0.001,0.03691183719462361,0.4474617403149605,2.418410218119621
65,6881.120370220002,5768,376,1000.0,376000,-41.97103962707519,365000,0.7512368440628052,0.001,0.039084671979165264,0.4701827228665352,2.40500895857811
65,6886.5659130700005,5789,377,1000.0,377000,-42.190985229492185,366000,0.7771684050559997,0.001,0.03469762547890107,0.4192959895133972,2.5105396565198896
65,6885.597494559999,5804,378,1000.0,378000,-42.067692604064945,367000,0.7958015739917755,0.001,0.03623091874722367,0.42367395949363706,2.4385626803636553
65,6887.54778838,5824,379,1000.0,379000,-42.20548780059814,368000,0.7890647113323211,0.001,0.03379225941339239,0.4175207195878029,2.476578701853752
64,6889.923156059999,5850,380,1000.0,380000,-42.202379814147946,369000,0.7874805271625519,0.001,0.03438062433828455,0.43456219214200975,2.4715736143589018
64,6898.66266107,5873,381,1000.0,381000,-42.41101770019531,370000,0.7893693804740906,0.001,0.03515430209558365,0.442643565684557,2.525778199791908
64,6905.48342053,5895,382,1000.0,382000,-42.375658088684084,371000,0.8061918139457702,0.001,0.03393854418568808,0.43518800818920134,2.5310383620262145
64,6906.04510393,5919,383,1000.0,383000,-42.328171173095704,372000,0.8040156245231629,0.001,0.0348998197483375,0.4227334923446178,2.565103495955467
64,6908.01187836,5942,384,1000.0,384000,-42.5032449798584,373000,0.7832609593868256,0.001,0.03611224170607187,0.4393523575365543,2.5382016463279724
64,6914.435437700001,5958,385,1000.0,385000,-42.45865288543701,374000,0.7908547878265381,0.001,0.033717728326801075,0.4176950696706772,2.433698062300682
64,6912.29479407,5979,386,1000.0,386000,-42.383607818603515,375000,0.8142375409603119,0.001,0.03370285444048583,0.4361129099428654,2.5002021822929383
64,6911.31723872,6001,387,1000.0,387000,-42.459885864257814,376000,0.773069429397583,0.001,0.03369876155117048,0.440119377464056,2.4762490097284315
64,6912.03760172,6027,388,1000.0,388000,-42.57498807525635,377000,0.7860452115535737,0.001,0.03615972732220032,0.4597938279211521,2.532620842576027
64,6909.56393419,6049,389,1000.0,389000,-42.58510299682617,378000,0.8029743015766144,0.001,0.035298118031040986,0.457286635607481,2.5851761815547945
64,6910.01271025,6071,390,1000.0,390000,-42.648077865600584,379000,0.8029823720455169,0.001,0.03674736074888559,0.46295119914412497,2.6369335478544236
64,6913.637908749999,6088,391,1000.0,391000,-42.82840199279785,380000,0.8253272414207459,0.001,0.03692018101056432,0.45681618681550024,2.6350333280563354
64,6917.026947499999,6103,392,1000.0,392000,-42.78056468963623,381000,0.8152791798114777,0.001,0.034990148247062966,0.4550323365330696,2.5511059666872025
64,6918.40718216,6121,393,1000.0,393000,-43.01940821075439,382000,0.8327482759952545,0.001,0.03560663496290241,0.46634609952569006,2.5908497455120085
64,6917.892445220001,6140,394,1000.0,394000,-42.996037742614746,383000,0.818915069103241,0.001,0.03782772742924045,0.4596208997964859,2.6153322063684463
64,6919.746674220001,6161,395,1000.0,395000,-42.8427154006958,384000,0.8071099579334259,0.001,0.03330503349905891,0.42728632429242136,2.5829609043598176
64,6921.452627180001,6180,396,1000.0,396000,-43.040611305236816,385000,0.8182912826538086,0.001,0.036301645292691136,0.46292978623509407,2.543213255882263
64,6926.72450434,6201,397,1000.0,397000,-42.88462253570557,386000,0.816826194524765,0.001,0.031480106345104925,0.40966845843195915,2.5160269988775252
64,6929.183953090001,6216,398,1000.0,398000,-42.96145196533203,387000,0.8413690805435181,0.001,0.034340294144879116,0.45065556356310843,2.469656084895134
64,6930.101984540001,6227,399,1000.0,399000,-42.902890998840334,388000,0.8467625737190246,0.001,0.033230928912794555,0.42149385768175124,2.3873240419626236
64,6931.518805729999,6243,400,1000.0,400000,-42.86757731628418,389000,0.8281006515026093,0.001,0.035297092639849766,0.47043011370301246,2.440169566988945
64,6933.357540539998,6261,401,1000.0,401000,-42.96359886932373,390000,0.8115606844425202,0.001,0.038464783232196514,0.4778105218708515,2.3483113867044447
64,6937.57398824,6279,402,1000.0,402000,-42.94278410339356,391000,0.8444331407546997,0.001,0.034738607525753556,0.4625966204404831,2.408590193748474
64,6943.81824043,6292,403,1000.0,403000,-43.10572402191162,392000,0.8262988865375519,0.001,0.036033826954524874,0.46868462273478506,2.468800545692444
64,6943.81840388,6308,404,1000.0,404000,-43.01114105987549,393000,0.8414309620857239,0.001,0.03241910261078851,0.44769968488812445,2.4601122179031374
64,6946.601715809999,6323,405,1000.0,405000,-43.04141045379639,394000,0.8654536306858063,0.001,0.033940346079069705,0.45373870617151263,2.4521517122983933
64,6947.72020984,6341,406,1000.0,406000,-42.99344529724121,395000,0.8598359167575836,0.001,0.03491114342193135,0.45600648564100266,2.4494688490629195
63,6950.58339023,6364,407,1000.0,407000,-43.07936407470703,396000,0.8204798936843872,0.001,0.03623572979701723,0.4873705125749111,2.4685928567647935
63,6956.590893680001,6384,408,1000.0,408000,-42.944303649902345,397000,0.8560401320457458,0.001,0.03568995743726169,0.4644473992288113,2.444257264852524
63,6954.852316029999,6409,409,1000.0,409000,-43.01262341308594,398000,0.8559510886669159,0.001,0.036636895879385206,0.4596622362434864,2.436973016619682
63,6956.8606923199995,6431,410,1000.0,410000,-43.22350611877442,399000,0.8331997394561768,0.001,0.03507163385167,0.4854083319604397,2.4408651090860367
63,6960.37396358,6454,411,1000.0,411000,-42.976117324829104,400000,0.8602357506752014,0.001,0.0347392384697834,0.494249363809824,2.458559546709061
63,6962.58265927,6473,412,1000.0,412000,-43.02704133605957,401000,0.866912716627121,0.001,0.03183217559697125,0.43526211750507354,2.3844911484718323
63,6965.55400093,6496,413,1000.0,413000,-43.01410203552246,402000,0.8564892411231995,0.001,0.03387122173361966,0.4592817415893078,2.349547938704491
63,6967.1343638399985,6521,414,1000.0,414000,-42.91163070678711,403000,0.8618878781795501,0.001,0.0339409514471323,0.47253876402974127,2.35846220934391
63,6967.43359518,6544,415,1000.0,415000,-42.96563052368164,404000,0.8479232251644134,0.001,0.03291269946534553,0.4485459360182285,2.3395461002588274
63,6967.458107860001,6570,416,1000.0,416000,-42.910063774108885,405000,0.8472378194332123,0.001,0.034294797241686215,0.474918222784996,2.3534084037542344
63,6972.301579780001,6593,417,1000.0,417000,-42.844374473571776,406000,0.8579261004924774,0.001,0.03432846014364585,0.46867002299427984,2.2849761716127395
63,6972.9359320600015,6615,418,1000.0,418000,-42.8394112701416,407000,0.8581295430660247,0.001,0.03346460052600704,0.4674254254102707,2.307072158098221
63,6977.585869580002,6637,419,1000.0,419000,-42.9151291809082,408000,0.8576967358589173,0.001,0.032969536019909554,0.46538115686178205,2.2375843435525895
63,6979.170790890002,6661,420,1000.0,420000,-42.92837068176269,409000,0.8456509232521057,0.001,0.03540961285468783,0.4919916509985924,2.298808866739273
62,6983.71922242,6684,421,1000.0,421000,-42.875991119384764,410000,0.8616265714168548,0.001,0.03351220607902465,0.4617933591604233,2.1671144307851793
62,6991.331345689999,6707,422,1000.0,422000,-42.747543197631835,411000,0.8691647946834564,0.001,0.03269519084952358,0.4370131958723068,2.203299360156059
62,6992.38971811,6728,423,1000.0,423000,-42.75158958435058,412000,0.8649305760860443,0.001,0.03451502340809406,0.48821818035840986,2.18144762969017
62,6991.86697065,6748,424,1000.0,424000,-42.57807164001465,413000,0.8543975949287415,0.001,0.03197284279813702,0.45163314604759214,2.1738744671344756
62,6990.873209580001,6771,425,1000.0,425000,-42.572638969421384,414000,0.857096129655838,0.001,0.03187158490252304,0.4651202619969845,2.174821219444275
62,6991.418822840001,6793,426,1000.0,426000,-42.616887435913085,415000,0.8609967112541199,0.001,0.03503502530578211,0.49265655624866483,2.0957288852930067
62,6993.21971285,6814,427,1000.0,427000,-42.764926490783694,416000,0.8533793032169342,0.001,0.03558388571007654,0.4905569902956486,2.1115154728889465
62,6997.5429213,6837,428,1000.0,428000,-42.56572925567627,417000,0.8689494848251342,0.001,0.032846743190807715,0.47881236106157304,2.0569394854307173
62,7001.225049340001,6861,429,1000.0,429000,-42.58433824157715,418000,0.8606974899768829,0.001,0.034058630347876394,0.4856815739870071,1.9991197137832641
62,7004.32746514,6877,430,1000.0,430000,-42.59592071533203,419000,0.8728768408298493,0.001,0.03474112189918952,0.4971147249341011,1.9966300147771836
62,6999.20848072,6899,431,1000.0,431000,-42.63982843017578,420000,0.8834864318370819,0.001,0.03183119737275441,0.4830718879699707,2.0044660283327103
62,6998.68891097,6915,432,1000.0,432000,-42.51720708465576,421000,0.8765206217765809,0.001,0.034072103616477736,0.4856254057884216,1.9946365152597427
62,6996.706146839998,6929,433,1000.0,433000,-42.627622917175295,422000,0.8808608174324035,0.001,0.035693044990353015,0.5113824843168259,2.015083037495613
62,6998.514442210001,6944,434,1000.0,434000,-42.64865885162354,423000,0.8737356543540955,0.001,0.033347941730570076,0.4871719207167625,1.9844116297960281
62,6999.34945834,6955,435,1000.0,435000,-42.66119000244141,424000,0.8966116726398468,0.001,0.033144015275888665,0.4834227592945099,1.9588411185741426
62,7000.608201360001,6966,436,1000.0,436000,-42.71634914398194,425000,0.8750253558158875,0.001,0.03302284713001752,0.48774109077453615,1.9708592861890792
62,6999.982071410001,6979,437,1000.0,437000,-42.68906423950195,426000,0.889555138349533,0.001,0.032730811170634824,0.47534615963697435,1.9412188225984572
62,6998.397338070001,6991,438,1000.0,438000,-42.6425876083374,427000,0.8693430542945861,0.001,0.03252280684621159,0.47837654638290406,1.9695716350078583
62,6989.64480308,7002,439,1000.0,439000,-42.71062200164795,428000,0.8898316919803619,0.001,0.033163877716308666,0.49161972203850746,2.003114971756935
62,6990.00835277,7012,440,1000.0,440000,-42.44190169525147,429000,0.8751024544239044,0.001,0.03332226316212531,0.4925847490429878,1.9425959700345994
62,6988.071574580001,7023,441,1000.0,441000,-42.56933233642578,430000,0.8905051112174988,0.001,0.03176131540442982,0.47535116159915924,2.036482053875923
62,6990.826903869998,7037,442,1000.0,442000,-42.48269963073731,431000,0.888050091266632,0.001,0.03259973607835065,0.4854287104308605,1.96794440639019
62,6993.04711634,7049,443,1000.0,443000,-42.38757263183594,432000,0.9230246007442474,0.001,0.03074013091204499,0.4683459204137325,1.9794571927785873
62,6990.570971849999,7059,444,1000.0,444000,-42.36028247833252,433000,0.8951299250125885,0.001,0.032272147100047915,0.47707923904061317,1.9193255833387375
62,6989.61181628,7070,445,1000.0,445000,-42.24667943572998,434000,0.8885362327098847,0.001,0.031726857833133816,0.4742443966269493,1.918223047375679
62,6990.685529780001,7080,446,1000.0,446000,-42.11736656188965,435000,0.9010542273521424,0.001,0.031053799605300553,0.46598158007860185,1.9171521681547166
63,6989.702020720001,7093,447,1000.0,447000,-42.00819017028809,436000,0.8758388876914978,0.001,0.03237962874084161,0.48946619936823843,1.8544537292718888
63,6998.639637360003,7103,448,1000.0,448000,-42.07341320037842,437000,0.8959982395172119,0.001,0.035616604868823065,0.5093491914868354,1.965670806646347
63,7003.661431540002,7113,449,1000.0,449000,-42.19087935638428,438000,0.914463895559311,0.001,0.03306521790360938,0.4847984677255154,1.9513292129039765
63,7003.9505656,7123,450,1000.0,450000,-42.16708898925781,439000,0.9196122169494629,0.001,0.03536710700106682,0.5139318195581436,1.9273064596652985
63,7001.419493550001,7133,451,1000.0,451000,-41.97625690460205,440000,0.9015017449855804,0.001,0.029705961637515495,0.4690626503229141,1.9922132115364075
63,7001.062898749999,7143,452,1000.0,452000,-42.098877151489255,441000,0.9188629686832428,0.001,0.0353284840298497,0.5026307740807533,1.9822721829414367
63,7008.347373069999,7153,453,1000.0,453000,-41.98911627960205,442000,0.9174612581729888,0.001,0.031185226766120105,0.47872689762711523,1.9473117241859437
63,7006.976787379998,7163,454,1000.0,454000,-42.142394989013674,443000,0.9100090563297272,0.001,0.03197580044498426,0.506988631695509,1.9415744009017943
63,7008.798689289999,7173,455,1000.0,455000,-42.05763172912598,444000,0.9054634869098663,0.001,0.03377513037079574,0.5129152185320854,1.9086895974874496
63,7009.190802759999,7183,456,1000.0,456000,-41.98372654724121,445000,0.9189983069896698,0.001,0.028388629541499576,0.4384761179685593,1.8851862425804138
63,7011.477026719999,7193,457,1000.0,457000,-41.90062003326416,446000,0.9177534282207489,0.001,0.03189138100887153,0.4942154906988144,1.872035423874855
63,7009.5352004199995,7203,458,1000.0,458000,-41.807843811035156,447000,0.9212118148803711,0.001,0.03255425800217663,0.49233479791879653,1.8686528866291046
63,7009.326378919999,7213,459,1000.0,459000,-41.824856452941894,448000,0.907073301076889,0.001,0.03342400332783555,0.4833538215756416,1.7737262469530106
63,7009.7745202900005,7223,460,1000.0,460000,-41.74085192108154,449000,0.898051506280899,0.001,0.03202907163278783,0.50058984079957,1.8801266052722931
63,7005.952889070001,7233,461,1000.0,461000,-41.88700411987305,450000,0.9165469169616699,0.001,0.034197011286368546,0.5349117603898048,1.8555595072507858
63,7009.83170304,7243,462,1000.0,462000,-41.765936752319334,451000,0.9234788239002227,0.001,0.030695686970122083,0.4823100266456604,1.8718854064941406
63,7010.863796570001,7253,463,1000.0,463000,-41.78082152557373,452000,0.8920957267284393,0.001,0.031084292743244844,0.49815204280614855,1.8648090788125993
63,7010.51939978,7263,464,1000.0,464000,-41.776352264404295,453000,0.923045414686203,0.001,0.03380659057821517,0.5329981545507908,1.7754067198038102
63,7013.124724759999,7273,465,1000.0,465000,-41.80886442565918,454000,0.9254943311214447,0.001,0.030879732738324714,0.5022575894594192,1.805325615465641
63,7013.231202949999,7283,466,1000.0,466000,-41.81755110931397,455000,0.9113313138484955,0.001,0.0316110702099701,0.47349058178067205,1.8252804456949234
64,7017.130532759999,7293,467,1000.0,467000,-41.70284718322754,456000,0.9170503735542297,0.001,0.030542357494463813,0.4854378499984741,1.7921414029598237
64,7021.3672039699995,7303,468,1000.0,468000,-41.616662307739254,457000,0.9001259922981262,0.001,0.03020958884523464,0.47867501065135004,1.804581855535507
64,7021.064207,7313,469,1000.0,469000,-41.41825535583496,458000,0.9270606458187103,0.001,0.030284335345241626,0.4713022302389145,1.772866868674755
64,7023.73964646,7323,470,1000.0,470000,-41.38619610595703,459000,0.9286651372909546,0.001,0.032361565243517784,0.49026122906804087,1.6956010115742683
64,7026.842766519999,7333,471,1000.0,471000,-41.37601921081543,460000,0.9172555327415466,0.001,0.030909725023610227,0.48703876650333405,1.6902462896108628
64,7030.8138794199995,7343,472,1000.0,472000,-41.251483390808104,461000,0.9020295739173889,0.001,0.030599969394981656,0.4869894208014011,1.6101093281507493
64,7039.38194989,7353,473,1000.0,473000,-41.29489405822754,462000,0.9255196928977967,0.001,0.0312928519830093,0.5029715231060982,1.6495333598256112
64,7041.64442006,7363,474,1000.0,474000,-41.19830152893066,463000,0.9180007696151733,0.001,0.03285761001857851,0.5054954798817635,1.6256601380109788
64,7040.239974069999,7373,475,1000.0,475000,-41.232113151550294,464000,0.9319205462932587,0.001,0.03123345694773618,0.47845029923319815,1.6279254797101022
64,7036.383018769999,7383,476,1000.0,476000,-41.25969786834717,465000,0.9253060519695282,0.001,0.03444094209029054,0.5267673964202404,1.6584937611222268
64,7038.727644279999,7393,477,1000.0,477000,-41.149675163269045,466000,0.9212778091430665,0.001,0.03431158087619276,0.5183340072035789,1.6297834855914115
64,7046.69906569,7403,478,1000.0,478000,-41.21402613830566,467000,0.9188228487968445,0.001,0.03193677125293108,0.4862534608244896,1.6201819867491722
64,7049.976298200001,7413,479,1000.0,479000,-41.326238746643064,468000,0.9464150786399841,0.001,0.030108024311640225,0.4927252848446369,1.6523799795508385
64,7050.179104600001,7423,480,1000.0,480000,-41.0982670135498,469000,0.9170240163803101,0.001,0.029297389822245366,0.4659057446420193,1.6193908296823503
64,7048.57424433,7433,481,1000.0,481000,-41.10903052520752,470000,0.9240050733089447,0.001,0.03220086849278936,0.5299290843605995,1.5572500165700913
64,7051.849206270001,7443,482,1000.0,482000,-41.14888203430176,471000,0.948649114370346,0.001,0.03295314711501384,0.5009670386016369,1.610069709122181
64,7054.667838720001,7453,483,1000.0,483000,-41.177952377319336,472000,0.9524042427539825,0.001,0.033901072884264735,0.5192089773714542,1.594952192425728
64,7054.109886069999,7463,484,1000.0,484000,-41.24486362457275,473000,0.9341388523578644,0.001,0.030269507885042023,0.5182663757801056,1.637264596760273
64,7050.0304830800005,7473,485,1000.0,485000,-41.15243980407715,474000,0.9513259887695312,0.001,0.029550946916334232,0.5086141972243786,1.5930387927293777
64,7053.8113759100015,7483,486,1000.0,486000,-41.15415592193604,475000,0.9409441113471985,0.001,0.03083418823083917,0.49837583804130553,1.5672726060152053
64,7054.458984180001,7493,487,1000.0,487000,-41.17060752105713,476000,0.9396719396114349,0.001,0.03275713705929323,0.5344164116978646,1.5546095375418663
65,7054.944506240001,7503,488,1000.0,488000,-41.037272354125975,477000,0.934779042005539,0.001,0.03020026585389246,0.47202345517277716,1.5461072518229484
65,7060.136446970002,7513,489,1000.0,489000,-40.92923370361328,478000,0.9436250567436218,0.001,0.02961376530756469,0.48449436542391777,1.4635176926255227
65,7062.910625070001,7523,490,1000.0,490000,-40.91526602935791,479000,0.9648275554180146,0.001,0.03135249960417993,0.5190528719425201,1.4317784494161605
65,7060.572426679999,7533,491,1000.0,491000,-40.82249552154541,480000,0.9385232627391815,0.001,0.02925681989612784,0.47157169005274774,1.393089659512043
65,7063.005084870001,7543,492,1000.0,492000,-40.71923764801026,481000,0.959336233139038,0.001,0.03167766334045773,0.4996270540654659,1.4397676427960395
65,7066.311053120002,7553,493,1000.0,493000,-40.73162355041504,482000,0.9435103356838226,0.001,0.030026367985948575,0.49519801077246667,1.3825621547698974
65,7068.90897555,7563,494,1000.0,494000,-40.784559547424315,483000,0.9243037521839141,0.001,0.031037943693621506,0.5065634476840496,1.3301984421014785
65,7069.5397737700005,7573,495,1000.0,495000,-40.741466896057126,484000,0.9327497601509094,0.001,0.030543560209599883,0.5105484392642975,1.367819762468338
65,7070.21857939,7583,496,1000.0,496000,-40.75115146636963,485000,0.9517763078212738,0.001,0.029288335568974526,0.4903402495086193,1.3535316753387452
65,7064.58890084,7593,497,1000.0,497000,-40.74143711853027,486000,0.9627066075801849,0.001,0.03180088044571631,0.5144917688667774,1.3626538271307944
65,7064.48257123,7603,498,1000.0,498000,-40.62213287353516,487000,0.9473808288574219,0.001,0.0313307279729688,0.5200698453485966,1.3791703087091447
65,7066.076131,7613,499,1000.0,499000,-40.663117729187015,488000,0.9331934511661529,0.001,0.028935649622029755,0.49481516087055205,1.4152624898552895
65,7066.647664789999,7623,500,1000.0,500000,-40.574380714416506,489000,0.9405672490596771,0.001,0.028394235351373122,0.47195678314566614,1.3773594672083855
65,7069.29935048,7633,501,1000.0,501000,-40.597286712646486,490000,0.9410474061965942,0.001,0.0324575834704259,0.5238547883629799,1.3965445973277093
65,7068.700097129999,7643,502,1000.0,502000,-40.602960639953615,491000,0.9655382037162781,0.001,0.02870782806887696,0.4968262722492218,1.3772052774429322
65,7065.05699785,7653,503,1000.0,503000,-40.467396850585935,492000,0.9564215779304505,0.001,0.029192814924050674,0.48925419852137564,1.3543018851876258
65,7066.801763889999,7663,504,1000.0,504000,-40.43674816131592,493000,0.9550507426261902,0.001,0.029887841008427837,0.5154339185953141,1.3535781327486038
65,7067.88752642,7673,505,1000.0,505000,-40.411839324951174,494000,0.9454745590686798,0.001,0.030110839378616867,0.4990723468363285,1.3232149186730384
65,7068.099504979999,7683,506,1000.0,506000,-40.53234478759766,495000,0.9553080081939698,0.001,0.03014421298588703,0.5333011201322079,1.3740661202073097
65,7064.80637228,7693,507,1000.0,507000,-40.64635375213623,496000,0.9382370471954345,0.001,0.03345259686068026,0.567178320735693,1.3346397166252135
65,7061.00602454,7703,508,1000.0,508000,-40.65446164703369,497000,0.9590555787086487,0.001,0.031026130651454265,0.5313372994661332,1.3351565702557564
65,7060.327282200001,7713,509,1000.0,509000,-40.63443571472168,498000,0.9442255437374115,0.001,0.027632263338112733,0.48843331390619277,1.3488505549430847
66,7060.452700819999,7723,510,1000.0,510000,-40.65281882476807,499000,0.964829832315445,0.001,0.03155037160152568,0.5135850477814674,1.3377686406373979
66,7061.475030749999,7733,511,1000.0,511000,-40.57741831207275,500000,0.960010427236557,0.001,0.03197547217903859,0.5284044498503209,1.3306421811580658
66,7060.699927859999,7744,512,1000.0,512000,-40.59374836730957,501000,0.9670341908931732,0.001,0.029531780643862273,0.5037229214906692,1.3349834414124488
66,7060.502173010001,7754,513,1000.0,513000,-40.54522696685791,502000,0.9586913466453553,0.001,0.03136934269935497,0.5252999728322029,1.3285976437926292
66,7059.53947912,7764,514,1000.0,514000,-40.69290691375733,503000,0.9514820396900177,0.001,0.03243763552283975,0.5508483917415142,1.3390120848417282
66,7060.435573870001,7774,515,1000.0,515000,-40.664066688537595,504000,0.95553839802742,0.001,0.03006254622347198,0.5148304269611835,1.3494390505552292
66,7059.74904054,7784,516,1000.0,516000,-40.607543869018556,505000,0.9604696035385132,0.001,0.02852117051757708,0.5051574014723301,1.318158287346363
66,7059.709239490001,7794,517,1000.0,517000,-40.7350154876709,506000,0.9707606375217438,0.001,0.031361386011740044,0.5051013979911804,1.3193651802539825
66,7061.8247703199995,7804,518,1000.0,518000,-40.59773747253418,507000,0.9672209799289704,0.001,0.031169008794607076,0.5309981904923916,1.321379811346531
66,7060.872166900001,7814,519,1000.0,519000,-40.51523665618897,508000,0.9663962483406067,0.001,0.030286579343934687,0.5131964563727379,1.3096753615140915
66,7063.27416963,7824,520,1000.0,520000,-40.50289613342285,509000,0.9575053930282593,0.001,0.028189768164352234,0.49737567162513735,1.2834638929367066
66,7063.05496382,7834,521,1000.0,521000,-40.458980575561526,510000,0.9670891046524048,0.001,0.03025500095337043,0.518268042087555,1.2875946424007416
66,7060.63860763,7844,522,1000.0,522000,-40.36618138885498,511000,0.9726505935192108,0.001,0.030381223136176926,0.5267838288545609,1.269656297147274
66,7058.992764020001,7854,523,1000.0,523000,-40.44624711608887,512000,0.9747731745243072,0.001,0.028910114578924534,0.5051722943186759,1.2806155105233192
66,7056.72472614,7864,524,1000.0,524000,-40.307361518859864,513000,0.9529129445552826,0.001,0.028579849836640997,0.502286021977663,1.2472397669553756
66,7055.15325273,7874,525,1000.0,525000,-40.32467640686035,514000,0.9726328074932098,0.001,0.03156304053329226,0.5490815962553024,1.2765401523113251
66,7054.865951869998,7884,526,1000.0,526000,-40.22677236175537,515000,0.9954006552696228,0.001,0.02806229590530152,0.49955742314457896,1.2397127875685692
66,7054.489604519999,7894,527,1000.0,527000,-40.150973876953124,516000,0.9708240509033204,0.001,0.030075109507730086,0.509506858497858,1.2551996475458145
66,7054.892847069999,7904,528,1000.0,528000,-39.94556530761719,517000,0.9897679686546326,0.001,0.02727443310984247,0.48559259167313573,1.2344909426569939
66,7050.165241979999,7914,529,1000.0,529000,-39.89935685729981,518000,0.9644294857978821,0.001,0.02810760976326004,0.5000788604915142,1.2329887694120407
66,7047.51845127,7924,530,1000.0,530000,-39.791416221618654,519000,0.9718761146068573,0.001,0.029359526059608086,0.5067623544037342,1.1903146582245827
66,7053.14356437,7934,531,1000.0,531000,-39.80595668792725,520000,0.9734039664268493,0.001,0.027881255884616193,0.5004512456357479,1.1800266015529632
66,7054.605132079999,7944,532,1000.0,532000,-39.81879114532471,521000,0.9696605443954468,0.001,0.028650712872867197,0.5216666024625302,1.177566008388996
67,7055.25873248,7954,533,1000.0,533000,-39.8409475402832,522000,0.975262027978897,0.001,0.03187947777798407,0.5523745860457421,1.2003461202383041
67,7059.531523849999,7964,534,1000.0,534000,-39.72961001586914,523000,0.9824918627738952,0.001,0.026932376890152137,0.4907877922654152,1.168319569647312
67,7059.04842334,7974,535,1000.0,535000,-39.84845941162109,524000,0.978168535232544,0.001,0.030382519538675847,0.5304037912189961,1.1509507942795754
67,7059.769242029999,7985,536,1000.0,536000,-39.88251333618164,525000,0.9686488747596741,0.001,0.030302198045064368,0.5393540449738502,1.1710735328793527
67,7060.848854279999,7995,537,1000.0,537000,-39.7385933380127,526000,0.9873665750026703,0.001,0.029320082255443646,0.50360867908597,1.1646939800977707
67,7061.39012772,8005,538,1000.0,538000,-39.87865393829345,527000,0.9971258342266083,0.001,0.030712326018844868,0.5420353902876377,1.1562640383839606
67,7070.228381489999,8015,539,1000.0,539000,-39.86789512634277,528000,0.968299287557602,0.001,0.032007307871399854,0.5640876039266586,1.193688581466675
67,7069.183554940001,8025,540,1000.0,540000,-39.769555656433106,529000,0.9670406937599182,0.001,0.026468218524741845,0.49456320303678514,1.1617254420518874
67,7074.546342730001,8035,541,1000.0,541000,-39.74439130401611,530000,0.9833398461341858,0.001,0.029471962763653492,0.5235591415762901,1.1685033225417136
67,7073.449400960001,8045,542,1000.0,542000,-39.750373649597165,531000,0.9717459797859191,0.001,0.03144121682181209,0.5332663051784039,1.1399758484959603
67,7070.04517483,8055,543,1000.0,543000,-39.725428329467775,532000,0.9657922148704529,0.001,0.028771599709427404,0.5203866200447083,1.1400109642148017
67,7074.97665432,8065,544,1000.0,544000,-39.57010635375977,533000,0.9809731364250183,0.001,0.028489854270342882,0.5119970280230045,1.111127865254879
67,7077.115904949999,8075,545,1000.0,545000,-39.62491407012939,534000,0.9693317174911499,0.001,0.029387044645433118,0.5379158861637116,1.1203545417785645
67,7076.08523388,8085,546,1000.0,546000,-39.610848121643066,535000,0.984712541103363,0.001,0.030727635743490654,0.5509191738367081,1.1350094286203385
67,7078.6463613999995,8095,547,1000.0,547000,-39.55618077850342,536000,0.9885511815547943,0.001,0.027320926071202522,0.5050415197312832,1.124566888988018
67,7074.764127880001,8105,548,1000.0,548000,-39.54321130371094,537000,0.9641551077365875,0.001,0.027571248183635853,0.49824910214543344,1.0820312246084214
67,7072.321899340001,8115,549,1000.0,549000,-39.5137060546875,538000,0.9783531546592712,0.001,0.028982718599754317,0.5540534820854663,1.0885229058861732
67,7071.86815457,8125,550,1000.0,550000,-39.38530451965332,539000,1.0035161197185516,0.001,0.026848437226608828,0.5050802651941776,1.0886957148909568
67,7074.620384760001,8135,551,1000.0,551000,-39.30805419921875,540000,0.9727129518985749,0.001,0.02858798859772764,0.5230743437409401,1.0786237608790397
67,7074.193391220001,8145,552,1000.0,552000,-39.182860229492185,541000,0.9917221307754517,0.001,0.028094120560406104,0.5042433712184429,1.0642135176062584
67,7070.310860830001,8155,553,1000.0,553000,-39.195119880676266,542000,0.9739962935447692,0.001,0.02808464500250811,0.5187553514838219,1.0487144539952278
67,7070.38125272,8165,554,1000.0,554000,-39.21973976135254,543000,0.9750482499599457,0.001,0.029621493171350665,0.5472152511179447,1.0243561305999755
67,7070.134896209999,8175,555,1000.0,555000,-39.00295412445068,544000,0.9663748800754547,0.001,0.026559026144134055,0.4872984736263752,1.0465786755681037
67,7071.109123079999,8185,556,1000.0,556000,-39.101986137390135,545000,0.9863605320453643,0.001,0.02898615522823393,0.527321459710598,1.006324074447155
67,7067.54842128,8196,557,1000.0,557000,-39.04521054840088,546000,0.9776928842067718,0.001,0.029935370914405155,0.5530728404223919,1.067884485065937
67,7067.45721327,8206,558,1000.0,558000,-39.05157424926758,547000,0.9752966940402985,0.001,0.02701281796557805,0.5086950499117374,1.0545097162723542
68,7067.82752595,8216,559,1000.0,559000,-38.96773114013672,548000,0.9564167082309722,0.001,0.029255901410052094,0.5413361742198467,1.057879944741726
68,7069.0690796,8226,560,1000.0,560000,-39.04360310363769,549000,0.9852089643478393,0.001,0.02939789675971762,0.527080117046833,1.0539761831760406
68,7073.94623718,8236,561,1000.0,561000,-38.88611447143555,550000,0.9777098178863526,0.001,0.028973273039902228,0.5043105770647526,1.0597632330060005
68,7065.674379150001,8246,562,1000.0,562000,-38.842958221435545,551000,0.9932110011577606,0.001,0.027523433214838647,0.5152310812473297,1.0513428324460983
68,7064.83688586,8256,563,1000.0,563000,-38.85504133605957,552000,0.9917306661605835,0.001,0.030242340127124276,0.5463301119804382,1.0622554389238357
68,7068.90046494,8266,564,1000.0,564000,-38.82004801940918,553000,0.980019497871399,0.001,0.02833382854842328,0.5061513934731483,1.0517448095679283
68,7062.173464909999,8276,565,1000.0,565000,-38.730957740783694,554000,0.9839732348918915,0.001,0.028116416185402286,0.5245378968417644,1.0265636640787124
68,7062.572423040001,8286,566,1000.0,566000,-38.7468431930542,555000,0.9890293002128601,0.001,0.027675772948236137,0.5224325785636902,1.0147333964705467
68,7061.466970449999,8296,567,1000.0,567000,-38.63908385467529,556000,0.9899023830890655,0.001,0.02728695904761721,0.5166356557011604,1.0068625559806823
68,7062.9226609,8306,568,1000.0,568000,-38.60554220581054,557000,0.9819095253944397,0.001,0.027247787722304795,0.5069195232689381,1.011240467786789
68,7062.40348398,8316,569,1000.0,569000,-38.543734016418455,558000,0.9772453904151917,0.001,0.030019216675794703,0.5348722423613071,0.9989343418478965
68,7060.1850684500005,8326,570,1000.0,570000,-38.53243825531006,559000,1.0044582426548003,0.001,0.02917243536664702,0.5249982374310493,1.028494600236416
68,7058.51158632,8336,571,1000.0,571000,-38.47465763854981,560000,1.0063030242919921,0.001,0.028026928401551045,0.5328235491514206,1.0208588374257088
68,7057.24333972,8346,572,1000.0,572000,-38.523652870178225,561000,0.9905202984809875,0.001,0.028148522182598484,0.5291833585798741,0.9843398097157479
68,7053.28446764,8356,573,1000.0,573000,-38.41733689880371,562000,0.9978785216808319,0.001,0.027102824091774908,0.5262502922713757,0.9917978373169899
68,7054.39480355,8367,574,1000.0,574000,-38.31413567352295,563000,0.9882570981979371,0.001,0.026225964347121187,0.5068043994009495,0.9770834197998047
68,7054.746025869998,8377,575,1000.0,575000,-38.135401679992675,564000,1.010474294424057,0.001,0.026283816740068383,0.49575729078054426,0.9780638036727906
68,7058.435323189999,8387,576,1000.0,576000,-38.181382667541506,565000,0.999879115819931,0.001,0.027977144478991977,0.5119268608093261,0.9760208041071892
68,7056.384596129999,8397,577,1000.0,577000,-38.11965086364746,566000,1.0020993411540986,0.001,0.02998783880808135,0.5469610087871551,0.960360789835453
68,7054.232010429999,8407,578,1000.0,578000,-38.01676284790039,567000,0.9923161923885345,0.001,0.025237755548557728,0.49352870708703994,0.9510339698195458
68,7052.059841319999,8418,579,1000.0,579000,-38.12868593597412,568000,1.0049985885620116,0.001,0.028118011413652527,0.5318795038461686,0.9536669169664382
68,7050.108831919999,8428,580,1000.0,580000,-37.95339218902588,569000,0.9923811912536621,0.001,0.028220516122378404,0.5239692042469979,0.9538077214360237
68,7052.96099352,8439,581,1000.0,581000,-37.99550110626221,570000,0.995423424243927,0.001,0.027831358918355538,0.5236282043159008,0.933557555437088
68,7054.492652819999,8449,582,1000.0,582000,-38.08441825866699,571000,0.9986236870288849,0.001,0.03063742572615776,0.5641664727926254,0.9530460852980613
68,7057.41357632,8459,583,1000.0,583000,-37.884672798156735,572000,0.9909325480461121,0.001,0.025530671115965357,0.519985377907753,0.9435477328896522
68,7054.720135499999,8469,584,1000.0,584000,-37.882480422973636,573000,0.9977691829204559,0.001,0.026959102484579285,0.507369606256485,0.9379330714941024
68,7059.371769589999,8479,585,1000.0,585000,-37.90467709350586,574000,1.0120417952537537,0.001,0.029374773037272036,0.5620883046686649,0.9430214303731919
69,7058.15407598,8489,586,1000.0,586000,-37.78018463897705,575000,1.0001050591468812,0.001,0.025353035733347316,0.48647860684990885,0.9372206982374192
69,7057.68789777,8499,587,1000.0,587000,-37.745068298339845,576000,1.017707633972168,0.001,0.026454404761672053,0.5004520155489445,0.8834234912991523
69,7059.6462777100005,8509,588,1000.0,588000,-37.71957537841797,577000,0.9919003129005433,0.001,0.026460393195302898,0.5230218733847142,0.9014381389915943
69,7059.83765437,8519,589,1000.0,589000,-37.66534920501709,578000,0.9973554372787475,0.001,0.028588088083605516,0.5380561650395393,0.8717481270432472
69,7058.482220129999,8529,590,1000.0,590000,-37.60192013549805,579000,0.9969976365566253,0.001,0.027866155076707592,0.5402867383062839,0.9009808812439442
69,7064.143461569999,8539,591,1000.0,591000,-37.643741981506345,580000,0.9867457449436188,0.001,0.027836536759004323,0.5450625722110272,0.8937952829003334
69,7062.64339878,8549,592,1000.0,592000,-37.60521141052246,581000,1.0024940848350525,0.001,0.027483294088895736,0.5256438478827477,0.891289896607399
69,7057.623332039999,8559,593,1000.0,593000,-37.52062413787842,582000,1.0265503585338593,0.001,0.027307021283776035,0.5098101797997951,0.9085671219825745
69,7057.7252079400005,8569,594,1000.0,594000,-37.45234490966797,583000,1.0034603953361512,0.001,0.027824406051219105,0.5278204751014709,0.915445567727089
69,7054.83341065,8579,595,1000.0,595000,-37.60957865905762,584000,0.9910857319831848,0.001,0.030105300985775327,0.5697443675398827,0.9289862515926361
69,7055.06053052,8589,596,1000.0,596000,-37.63696376800537,585000,1.018204641342163,0.001,0.029501441952208753,0.5368711193799972,0.9231805827617645
69,7058.452704740001,8599,597,1000.0,597000,-37.35074169921875,586000,1.0234521508216858,0.001,0.025279143610807346,0.48726917976140977,0.9232360363602639
69,7059.6198079099995,8610,598,1000.0,598000,-37.340404945373535,587000,1.0122921824455262,0.001,0.02547169795381481,0.5064964601993561,0.8923817856907844
69,7056.91506087,8620,599,1000.0,599000,-37.327172187805175,588000,1.0048100113868714,0.001,0.026861622416420212,0.5428376155793667,0.894052078127861
69,7056.89067642,8630,600,1000.0,600000,-37.3542469329834,589000,1.0116486251354218,0.001,0.029640505607101773,0.5532932273447514,0.9041858761906624
69,7053.370305110001,8640,601,1000.0,601000,-37.295815605163575,590000,1.0215775549411774,0.001,0.026459945053379435,0.5135858259201049,0.9036367540359497
69,7052.23988921,8650,602,1000.0,602000,-37.26221098327637,591000,1.0179880738258362,0.001,0.026732776859558684,0.5307802467942238,0.8882413836717605
69,7054.564441180001,8660,603,1000.0,603000,-37.12520726013184,592000,1.0144722938537598,0.001,0.027001699670132752,0.521606692969799,0.8749476540088653
69,7052.13186106,8670,604,1000.0,604000,-37.08072750091553,593000,1.0200534522533418,0.001,0.026565876830309847,0.5164994309842587,0.8551510927081108
69,7052.657094689999,8680,605,1000.0,605000,-37.08567618560791,594000,1.0210041880607605,0.001,0.027745353015147193,0.5371823925077915,0.8597247282862663
69,7052.55613417,8690,606,1000.0,606000,-37.164149406433104,595000,1.007796549797058,0.001,0.03002166173786626,0.5514750524759292,0.8967246004939079
69,7056.664865240001,8700,607,1000.0,607000,-37.07687085723877,596000,1.0060777068138123,0.001,0.028258437792221505,0.5257084754109382,0.8821376112699508
69,7057.603194519999,8710,608,1000.0,608000,-37.13389669036865,597000,1.0076888442039489,0.001,0.02781757115635572,0.5407257098853588,0.8751450064182281
69,7061.21803397,8720,609,1000.0,609000,-37.128020790100095,598000,1.0267885029315948,0.001,0.03162854146557689,0.547190658301115,0.8787054316401481
69,7060.28067946,8730,610,1000.0,610000,-37.08438896942139,599000,1.0240991353988647,0.001,0.026888578365317443,0.5123822724223137,0.8572804496884346
69,7058.52524442,8740,611,1000.0,611000,-36.96870673370361,600000,1.011157178878784,0.001,0.02735272302559935,0.5260609608590603,0.8612559638023376
69,7059.523094759999,8751,612,1000.0,612000,-37.009298049926755,601000,1.018980747461319,0.001,0.027666288592746675,0.539373624831438,0.8544271489977837
69,7057.77764674,8761,613,1000.0,613000,-37.008102363586424,602000,1.0288645267486571,0.001,0.02828651678817989,0.5255253129601478,0.8579514588117599
70,7059.612850160001,8771,614,1000.0,614000,-36.96850622558594,603000,1.026319533586502,0.001,0.026756729233246755,0.5334087838232517,0.8587909943461418
70,7056.3745980700005,8781,615,1000.0,615000,-37.0298267288208,604000,1.000754827260971,0.001,0.029588010888064665,0.5759565559923648,0.889219184100628
70,7056.524367760001,8791,616,1000.0,616000,-37.04179263305664,605000,1.0250916481018066,0.001,0.0263010866319603,0.5416645285785198,0.8873319597244262
70,7055.818573419999,8801,617,1000.0,617000,-36.93462342071533,606000,1.0062687039375304,0.001,0.02666980304822869,0.5269602819085121,0.9030975733399391
70,7054.5282416,8811,618,1000.0,618000,-36.9720326461792,607000,1.0261185824871064,0.001,0.028952152244141938,0.553815832734108,0.8764479395747184
70,7053.22962795,8821,619,1000.0,619000,-36.92848121643066,608000,1.0194113552570343,0.001,0.028434683553277867,0.5477292053103447,0.8976286803483963
70,7050.35153409,8831,620,1000.0,620000,-37.006815254211425,609000,1.0163908541202544,0.001,0.02768125295586292,0.5466081229746341,0.9007468531727791
70,7048.626924799999,8841,621,1000.0,621000,-36.94336065673828,610000,1.0245221614837647,0.001,0.029617892376868196,0.5434278341531753,0.8844687665104866
70,7049.96543294,8851,622,1000.0,622000,-36.871916778564454,611000,1.0148844957351684,0.001,0.026240334561405336,0.5289652400016784,0.8882768584489822
70,7051.315201829999,8861,623,1000.0,623000,-36.87029741668701,612000,1.0212957620620728,0.001,0.02730249547873193,0.53917105910182,0.9241533647179604
70,7053.504636059999,8871,624,1000.0,624000,-36.89766128540039,613000,1.0273320615291595,0.001,0.028862368511649635,0.569283503562212,0.917097738146782
70,7055.93612864,8881,625,1000.0,625000,-36.776059783935544,614000,1.0109094619750976,0.001,0.02471455722568908,0.5055318537056446,0.9163824101090431
70,7057.46785882,8891,626,1000.0,626000,-36.737786460876464,615000,1.0234862208366393,0.001,0.02578558519660705,0.5191360567510128,0.9311979693174363
70,7056.803527110002,8901,627,1000.0,627000,-36.68835623931885,616000,1.0175256311893464,0.001,0.025723958529625154,0.5243751453459263,0.9053576437830925
70,7054.6406106700015,8911,628,1000.0,628000,-36.61034941864013,617000,1.0144528687000274,0.001,0.026435362213790857,0.5440628964900971,0.8883022426366806
70,7056.392482390001,8921,629,1000.0,629000,-36.517153190612795,618000,1.0267593204975127,0.001,0.025700465827877116,0.5209517137110233,0.901401725590229
70,7055.21909846,8932,630,1000.0,630000,-36.519951904296875,619000,1.02233344912529,0.001,0.02730545441799112,0.5448197929859161,0.8815766730308533
70,7056.11792676,8942,631,1000.0,631000,-36.521493911743164,620000,1.0251130759716034,0.001,0.028087443494653926,0.5685571701526642,0.875371414244175
70,7056.0242007,8952,632,1000.0,632000,-36.40832313537598,621000,1.0400504112243651,0.001,0.02459568926356703,0.5121100865900516,0.8540405384600163
70,7057.439688820001,8962,633,1000.0,633000,-36.48521178436279,622000,1.0301741778850555,0.001,0.027771082169227027,0.548388553828001,0.8285308622121811
70,7056.07628993,8972,634,1000.0,634000,-36.545482307434085,623000,1.0058816015720367,0.001,0.02685470281602019,0.5476336341202259,0.7986880760788918
70,7058.93446017,8982,635,1000.0,635000,-36.55185069274902,624000,1.0192620694637298,0.001,0.030696388727431797,0.5746214472651482,0.8215885683298111
70,7057.808602200001,8992,636,1000.0,636000,-36.64823801422119,625000,1.0344288885593413,0.001,0.027933119823849058,0.5591224052906036,0.8421771769225598
70,7059.80489665,9002,637,1000.0,637000,-36.69817514801026,626000,1.0351994693279267,0.001,0.028572261367165248,0.5507283681631088,0.8460352667272091
70,7060.73325241,9012,638,1000.0,638000,-36.737960182189944,627000,1.0315763235092164,0.001,0.02807310566056709,0.5612803019285202,0.8377405574917793
70,7059.395503680001,9022,639,1000.0,639000,-36.67537377166748,628000,1.0319600820541381,0.001,0.02617224008556769,0.5313743176162243,0.8715039856135846
70,7061.506633760001,9032,640,1000.0,640000,-36.519095474243166,629000,1.0258845448493958,0.001,0.024324724390866026,0.4958715203404427,0.83300512611866
70,7058.684882000001,9042,641,1000.0,641000,-36.467373832702634,630000,1.0221183180809021,0.001,0.02617612040649526,0.530111846357584,0.8296831426918506
70,7056.458177660001,9052,642,1000.0,642000,-36.45785488128662,631000,1.0335554718971252,0.001,0.028882811678562364,0.5670808169841767,0.8365939007401466
70,7060.375809020001,9062,643,1000.0,643000,-36.447951301574705,632000,1.0414522409439086,0.001,0.025928778576854446,0.5154839550852776,0.8354987826645375
70,7060.067730420002,9073,644,1000.0,644000,-36.47045677947998,633000,1.010579949617386,0.001,0.028577012377187315,0.5710770690739155,0.8291978089809418
71,7061.888775920001,9083,645,1000.0,645000,-36.59512383270264,634000,1.0268228113651277,0.001,0.028337592632089598,0.5677454009652138,0.8190084652900695
71,7062.888740240001,9093,646,1000.0,646000,-36.5990521774292,635000,1.0352724313735961,0.001,0.028090463861599392,0.5653869319260121,0.8291854943633079
71,7063.4487215300005,9103,647,1000.0,647000,-36.58697818756104,636000,1.052117794752121,0.001,0.025046776550627942,0.5395632493197918,0.8465207371115685
71,7064.705304410001,9113,648,1000.0,648000,-36.56984634399414,637000,1.02040576338768,0.001,0.02704494514100073,0.5472904940247536,0.8222804470360279
71,7063.072383389999,9123,649,1000.0,649000,-36.53764647674561,638000,1.0200551331043244,0.001,0.026244930553684667,0.5449543597996235,0.8154047489464283
71,7064.5965474800005,9133,650,1000.0,650000,-36.57783071899414,639000,1.0313853204250336,0.001,0.027327627845413278,0.5583064050078392,0.8299992751479149
71,7065.368227129999,9143,651,1000.0,651000,-36.4061764831543,640000,1.040506327152252,0.001,0.025230637184495502,0.5084946899712086,0.7958162336051464
71,7066.178465529999,9153,652,1000.0,652000,-36.38412252044678,641000,1.034682136774063,0.001,0.02644256025524502,0.536966254800558,0.7848504715561867
71,7067.231037529998,9163,653,1000.0,653000,-36.513234825134276,642000,1.0239036440849305,0.001,0.02629189070208026,0.556714906334877,0.8176573060452939
71,7064.904245389998,9173,654,1000.0,654000,-36.31482166290283,643000,1.022343111038208,0.001,0.025819026230828074,0.5264338132441044,0.8271145487725735
71,7063.098560329998,9183,655,1000.0,655000,-36.342137504577636,644000,1.021107679605484,0.001,0.027447827064038605,0.5436173807382584,0.8190193973183632
71,7060.41106523,9193,656,1000.0,656000,-36.290235527038575,645000,1.0405174493789673,0.001,0.024191381309119842,0.5211493257284164,0.8134751900136471
71,7062.171186569999,9203,657,1000.0,657000,-36.30118041229248,646000,1.0309624791145324,0.001,0.027995183250508086,0.5702471278309822,0.8207779259383678
71,7063.51120672,9213,658,1000.0,658000,-36.26968748474121,647000,1.017096209526062,0.001,0.025565450152801886,0.5502801053225994,0.7983580223619938
71,7066.415358040001,9224,659,1000.0,659000,-36.31069921875,648000,1.0285062789916992,0.001,0.02856061762294246,0.566874953508377,0.7970512897968293
71,7064.05520417,9234,660,1000.0,660000,-36.37037998962403,649000,1.0276480197906495,0.001,0.02630876811097881,0.5425321294367313,0.7893204053342342
71,7060.467040950001,9244,661,1000.0,661000,-36.25440759277344,650000,1.0521137833595275,0.001,0.026673028354176363,0.5426632001698017,0.7789922703504563
71,7067.057237290002,9254,662,1000.0,662000,-36.33308020019531,651000,1.0269258737564086,0.001,0.027496810661422264,0.5685841801762581,0.7846525293588639
71,7066.6609020900005,9264,663,1000.0,663000,-36.32011542510986,652000,1.0332822501659393,0.001,0.02812272120457554,0.5591911776363849,0.7781137742996216
71,7064.03533319,9274,664,1000.0,664000,-36.36513191223145,653000,1.0370880722999574,0.001,0.02836784264182695,0.5761906999945641,0.7844507886171341
71,7064.7584216899995,9284,665,1000.0,665000,-36.34000985717773,654000,1.0372072875499725,0.001,0.02796616360495755,0.5605504812300205,0.7874193214476108
71,7063.796459429998,9294,666,1000.0,666000,-36.26702722167969,655000,1.037118774652481,0.001,0.024286880909327957,0.5037707975804806,0.7921898549199105
71,7064.840941489999,9304,667,1000.0,667000,-36.26050568389893,656000,1.0469225347042084,0.001,0.029434374604960175,0.5970744016766548,0.7831863726973534
71,7063.5176273299985,9314,668,1000.0,668000,-36.36136040496826,657000,1.0480154871940612,0.001,0.027425364081849656,0.5770071816444396,0.7814734117984772
71,7062.127851399998,9324,669,1000.0,669000,-36.336804244995115,658000,1.0396524727344514,0.001,0.02881497212927019,0.5848419501781463,0.8014291994869709
71,7062.125394179999,9334,670,1000.0,670000,-36.2694847946167,659000,1.0372474670410157,0.001,0.024807992118243194,0.5295559513568878,0.79120426389575
71,7061.819181439999,9344,671,1000.0,671000,-36.14363496398926,660000,1.0554415464401246,0.001,0.025696288069589117,0.5343217668831348,0.7755916038453579
71,7061.9238515299985,9354,672,1000.0,672000,-36.14663272094727,661000,1.047220814228058,0.001,0.02634670181860206,0.550449215978384,0.7765070746839047
71,7063.491183899999,9364,673,1000.0,673000,-36.166729682922366,662000,1.0369917750358582,0.001,0.02734152084422393,0.5648560445308686,0.763577815413475
71,7063.693375999999,9374,674,1000.0,674000,-36.07701554870606,663000,1.0466591536998748,0.001,0.02728273770771095,0.5574636926949024,0.7704049457013608
71,7062.0926041600005,9385,675,1000.0,675000,-36.08606195068359,664000,1.050122332572937,0.001,0.02703401214032397,0.5596647137105465,0.7562718957066535
71,7059.254141790001,9395,676,1000.0,676000,-36.096098579406735,665000,1.0422247052192688,0.001,0.025973163285576386,0.5451893691718578,0.7511920597255229
71,7059.557962840002,9405,677,1000.0,677000,-36.07499127960205,666000,1.0489173889160157,0.001,0.026035616653306753,0.5507654809355735,0.7267939447164535
72,7056.060668430001,9415,678,1000.0,678000,-36.03702828216553,667000,1.03417466878891,0.001,0.02596897505436156,0.5552468078434467,0.7221618450880051
72,7055.313592770002,9425,679,1000.0,679000,-36.06182551574707,668000,1.033310443162918,0.001,0.02569896817917883,0.5509108031690121,0.7349911745786667
72,7059.230199050001,9435,680,1000.0,680000,-35.95107932281494,669000,1.0743147611618042,0.001,0.025693745435095828,0.5472441413998603,0.7323365445137024
72,7057.834243470001,9445,681,1000.0,681000,-35.976627967834474,670000,1.0665533363819122,0.001,0.026077240349199043,0.5572426064312458,0.7397324198186398
72,7051.863714760002,9455,682,1000.0,682000,-36.01335131072998,671000,1.0552404284477235,0.001,0.02597556246915016,0.5543834666609764,0.7465217994749546
72,7047.094500280002,9465,683,1000.0,683000,-35.92338720703125,672000,1.039535117149353,0.001,0.02543525174624641,0.5278627856969833,0.7439490200579166
72,7048.69882413,9475,684,1000.0,684000,-35.88311577606201,673000,1.045276927947998,0.001,0.025385979983554352,0.5252249139845371,0.730013964086771
72,7043.97346149,9485,685,1000.0,685000,-35.815600891113284,674000,1.0598001718521117,0.001,0.026445078857421717,0.5531603069007397,0.745541936904192
72,7044.92879583,9495,686,1000.0,686000,-35.814781410217286,675000,1.0586150884628296,0.001,0.027231065389080794,0.5735803255140781,0.7734522642493248
72,7046.179113669999,9505,687,1000.0,687000,-35.84262914276123,676000,1.065266191959381,0.001,0.026290953196415147,0.5579443744421005,0.7690600729882717
72,7045.5385251200005,9515,688,1000.0,688000,-35.73901035308838,677000,1.0363328516483308,0.001,0.026360793977836187,0.5414521856307983,0.760578069627285
72,7042.41801087,9525,689,1000.0,689000,-35.73143868255615,678000,1.0610377550125123,0.001,0.027835990405810297,0.57565311896801,0.7606185915768147
72,7043.451642490001,9535,690,1000.0,690000,-35.7965326461792,679000,1.0445974707603454,0.001,0.02838905770388314,0.5658744772970676,0.7513372340500355
72,7041.720146140001,9546,691,1000.0,691000,-35.76141445922852,680000,1.0508801937103271,0.001,0.02627977337821678,0.5599737440943718,0.7504917027950286
72,7039.578793709999,9556,692,1000.0,692000,-35.726555450439456,681000,1.0470548629760743,0.001,0.027301187785478645,0.577250803977251,0.7536260288357735
72,7042.72064776,9566,693,1000.0,693000,-35.69155533599854,682000,1.0463217496871948,0.001,0.02535695480820805,0.5446937313079834,0.7543415966331959
72,7043.94297484,9576,694,1000.0,694000,-35.57434734344483,683000,1.0631940543651581,0.001,0.025192145929750272,0.5285657984614373,0.7478262439668178
72,7048.04641816,9586,695,1000.0,695000,-35.50888890838623,684000,1.049137544631958,0.001,0.026136431594825822,0.5467435588240623,0.7505922023653984
72,7047.533858480001,9596,696,1000.0,696000,-35.555552001953124,685000,1.0474833965301513,0.001,0.027082702675577688,0.5503571849763393,0.7186246550381183
72,7047.674842289999,9606,697,1000.0,697000,-35.433320404052736,686000,1.0666486978530885,0.001,0.02421224510124171,0.5360414129495621,0.709217839628458
72,7045.44441331,9616,698,1000.0,698000,-35.36787329864502,687000,1.044115388393402,0.001,0.024697453005176992,0.5327605067491531,0.7158265079855919
72,7044.11624582,9627,699,1000.0,699000,-35.2992900390625,688000,1.0509025692939757,0.001,0.024595783160888934,0.5435013141930103,0.6892983859479427
72,7042.727785720001,9637,700,1000.0,700000,-35.301020462036135,689000,1.0471189618110657,0.001,0.027997486861219056,0.5610257195234298,0.677326480537653
72,7043.08537944,9648,701,1000.0,701000,-35.41435652160644,690000,1.0483481287956238,0.001,0.029006696953153378,0.5854340669214726,0.6615146166086197
72,7041.65146771,9659,702,1000.0,702000,-35.49369209289551,691000,1.0671068549156189,0.001,0.027957683102356003,0.5966486878395081,0.676560057580471
72,7040.7675706,9670,703,1000.0,703000,-35.55656468963623,692000,1.0517267823219298,0.001,0.02667998650104802,0.5593058282732963,0.6914308726787567
72,7037.69048164,9681,704,1000.0,704000,-35.60837760162354,693000,1.0681801736354828,0.001,0.026860524178220404,0.5730435337126255,0.6742683932185173
72,7034.347640089999,9692,705,1000.0,705000,-35.47343553924561,694000,1.072167944908142,0.001,0.0238603490767589,0.5293650348782539,0.6829589912295342
72,7034.800478389999,9702,706,1000.0,706000,-35.49373985290527,695000,1.0655441999435424,0.001,0.02621978369092894,0.5628585120737553,0.6746745872795582
72,7032.4542020399995,9713,707,1000.0,707000,-35.54859435272217,696000,1.0608510971069336,0.001,0.02687755577718115,0.5758665634393692,0.6747128423154354
72,7029.888060859999,9724,708,1000.0,708000,-35.54656265258789,697000,1.0589265465736388,0.001,0.02681472603436437,0.5421939530670643,0.6735239924788475
72,7027.5815541699985,9735,709,1000.0,709000,-35.530128112792966,698000,1.0568328261375428,0.001,0.026380775312391226,0.5613245428204536,0.683238274216652
72,7028.088023659999,9746,710,1000.0,710000,-35.51967729949951,699000,1.0587507963180542,0.001,0.027497410129598804,0.5563567790091037,0.6769996972084046
72,7026.19629078,9756,711,1000.0,711000,-35.4704780960083,700000,1.0497910499572753,0.001,0.026841529288689776,0.5569977598190308,0.6721350160837174
72,7022.898559989999,9767,712,1000.0,712000,-35.36022814941406,701000,1.078309428691864,0.001,0.025183505840628367,0.5171784504055977,0.6691302678585053
72,7021.92513914,9778,713,1000.0,713000,-35.38131667327881,702000,1.058088982105255,0.001,0.029314932468282283,0.5648459390103817,0.6507098125219345
72,7017.75801841,9789,714,1000.0,714000,-35.40916867828369,703000,1.061482059955597,0.001,0.02705194040807249,0.5697440676093102,0.662022188514471
72,7018.66235503,9800,715,1000.0,715000,-35.36832674407959,704000,1.0834214687347412,0.001,0.02489011396087221,0.5495746506750584,0.6640458759367466
72,7018.48971012,9811,716,1000.0,716000,-35.351656173706054,705000,1.0731568336486816,0.001,0.025030244709999514,0.5355402189195156,0.6669841509461403
72,7016.047605119999,9822,717,1000.0,717000,-35.28188591003418,706000,1.053339457511902,0.001,0.025709988385552253,0.5581298688352108,0.6543276360929012
73,7014.90431084,9832,718,1000.0,718000,-35.38955136108398,707000,1.0642382860183717,0.001,0.027639710173600934,0.5839450053572655,0.6763676390349865
73,7017.34573023,9843,719,1000.0,719000,-35.41604247283936,708000,1.0563631415367127,0.001,0.02566441196382664,0.5720969795584678,0.6706882062554359
73,7017.807693340001,9854,720,1000.0,720000,-35.43895714569092,709000,1.0652699232101441,0.001,0.027454615693881298,0.5736955128610134,0.6682612619400025
73,7016.653987940001,9865,721,1000.0,721000,-35.402974578857425,710000,1.0653444528579712,0.001,0.025508329632169216,0.5767581353783607,0.6744128410220146
73,7014.24956768,9876,722,1000.0,722000,-35.35255258178711,711000,1.0545316815376282,0.001,0.02503410723477377,0.5447496917545795,0.6812849473655224
73,7014.44859295,9887,723,1000.0,723000,-35.27539208984375,712000,1.0614172220230103,0.001,0.02586901134720319,0.5436361587941646,0.6690889467298985
73,7012.40716789,9898,724,1000.0,724000,-35.32133360290528,713000,1.076068937778473,0.001,0.025704614134374398,0.5682298794388772,0.6798770416080951
73,7009.900869249999,9909,725,1000.0,725000,-35.34483422851562,714000,1.0535696387290954,0.001,0.026856394857639583,0.5744971278905868,0.6786311083436012
73,7006.74210511,9919,726,1000.0,726000,-35.272187950134274,715000,1.0740296602249146,0.001,0.0261231097452667,0.5637262355983257,0.6778336144387722
73,7006.9792726999995,9930,727,1000.0,727000,-35.25315363311768,716000,1.0756419897079468,0.001,0.025514333316541137,0.5469759010672569,0.6921865772604943
73,7004.503694980001,9941,728,1000.0,728000,-35.12824752044678,717000,1.0792503237724305,0.001,0.026377533299537084,0.5306541622877121,0.673554485142231
73,7003.49367077,9952,729,1000.0,729000,-35.06774173736572,718000,1.0680288076400757,0.001,0.02643954261406573,0.5476787332594395,0.6547942081987858
73,7003.53263428,9963,730,1000.0,730000,-35.05213639068604,719000,1.067122757434845,0.001,0.026166722490600546,0.5525909488797188,0.647186315536499
73,6999.47649165,9974,731,1000.0,731000,-35.125050659179685,720000,1.0636355042457581,0.001,0.028482827254165264,0.5996628205776214,0.663244433939457
73,6995.80533205,9985,732,1000.0,732000,-35.17417795562744,721000,1.0559831023216248,0.001,0.025593007634883726,0.5595225365161896,0.6734360953867435
73,6990.6510613,9996,733,1000.0,733000,-35.155097770690915,722000,1.0604044914245605,0.001,0.02494116207253422,0.5423579421043396,0.6613297703266143
73,6986.18621118,10007,734,1000.0,734000,-35.13965042877197,723000,1.0574701070785522,0.001,0.025780795334374586,0.5703428384959698,0.6699558960795402
73,6984.102461959999,10017,735,1000.0,735000,-35.04038582611084,724000,1.06016606092453,0.001,0.025341657947365523,0.5458594970405102,0.6560348362922669
73,6983.899698339998,10028,736,1000.0,736000,-34.96251544952393,725000,1.0679188251495362,0.001,0.023801495267722888,0.5324685779809952,0.6731999453008175
73,6980.46555807,10039,737,1000.0,737000,-35.024395515441896,726000,1.058116865158081,0.001,0.027344272735288326,0.5731538527011871,0.6486140328347683
73,6978.16416706,10050,738,1000.0,738000,-34.89995137786865,727000,1.0717031955718994,0.001,0.024265131129474895,0.5406881068944931,0.6427279892861844
73,6977.380480039999,10061,739,1000.0,739000,-34.91596436309815,728000,1.0642497181892394,0.001,0.025174733588431846,0.5373910350203515,0.6507416935563087
73,6975.218018990001,10071,740,1000.0,740000,-34.96264602661133,729000,1.0651072263717651,0.001,0.026512588317461314,0.5890463595986366,0.6584329878091812
73,6972.27878422,10082,741,1000.0,741000,-35.06325269317627,730000,1.0840957164764404,0.001,0.02787913115054735,0.5930832435488701,0.6507928093969821
73,6971.56557989,10093,742,1000.0,742000,-35.04359895324707,731000,1.0542364835739135,0.001,0.02671421712165341,0.5769485897421837,0.6546578691601753
73,6970.88706164,10103,743,1000.0,743000,-35.04043726348877,732000,1.070328950881958,0.001,0.025598709222666608,0.5478845524787903,0.645277184098959
73,6966.501581420001,10114,744,1000.0,744000,-35.136458450317384,733000,1.0740445733070374,0.001,0.02698368179705337,0.5794096077382564,0.6357341765165329
73,6964.124652320001,10125,745,1000.0,745000,-35.11851210784912,734000,1.0584812402725219,0.001,0.02587412203472789,0.5794104225039483,0.6406888124346733
73,6960.4692216600015,10136,746,1000.0,746000,-35.06437622833252,735000,1.0649749517440796,0.001,0.0244004545365884,0.5416576235294343,0.6404888837337493
73,6957.685883580001,10146,747,1000.0,747000,-35.165511779785156,736000,1.0568110704421998,0.001,0.0273565460137573,0.5929706960320472,0.6539457768499851
73,6955.29603262,10157,748,1000.0,748000,-35.24732809448242,737000,1.0825154542922975,0.001,0.02615729074596862,0.5850101993083954,0.6525612649917603
73,6955.6833296,10168,749,1000.0,749000,-35.25936191558838,738000,1.0666099429130553,0.001,0.025695791177833733,0.5759112889766693,0.6285037141740322
73,6950.456644649999,10179,750,1000.0,750000,-35.198850326538086,739000,1.059634757041931,0.001,0.025295558109407576,0.5410203261375427,0.6365972129404545
73,6948.82700266,10189,751,1000.0,751000,-35.204449577331545,740000,1.0835478901863098,0.001,0.024399668731174377,0.560927868694067,0.6536799705624581
73,6946.12988646,10200,752,1000.0,752000,-35.084197647094726,741000,1.0678094625473022,0.001,0.02295111125878577,0.5343188169002533,0.6253600170314312
73,6947.47957714,10211,753,1000.0,753000,-35.179867904663084,742000,1.0609768629074097,0.001,0.0267056604792135,0.5916118882894515,0.6478153924942016
73,6947.22111607,10222,754,1000.0,754000,-35.194966026306155,743000,1.07498779296875,0.001,0.025395464059333805,0.5778968719244003,0.6544788987636566
73,6946.306155980001,10233,755,1000.0,755000,-35.172284156799314,744000,1.0735522508621216,0.001,0.02640331364525118,0.5849885635375977,0.6564566376805305
73,6945.64832439,10244,756,1000.0,756000,-35.18955854797363,745000,1.051943552494049,0.001,0.024743143769788603,0.5484426449537277,0.6540144109129906
73,6946.11587304,10255,757,1000.0,757000,-35.097731468200685,746000,1.0810102701187134,0.001,0.025103284168484407,0.5374705617725849,0.6310730037987232
73,6945.68240609,10265,758,1000.0,758000,-35.149983963012694,747000,1.0682461500167846,0.001,0.027198673754225466,0.6022280697822571,0.6157997125983238
73,6945.903250140001,10276,759,1000.0,759000,-35.313852493286134,748000,1.0712979435920715,0.001,0.026294360280814753,0.6035503145456315,0.637932249724865
73,6945.540946849999,10287,760,1000.0,760000,-35.269855033874514,749000,1.0809433102607726,0.001,0.02581290130698496,0.5734457375109195,0.6415835872292519
73,6943.884599659999,10298,761,1000.0,761000,-35.33124955749512,750000,1.0974581003189088,0.001,0.027813290159141173,0.5838396469056606,0.6531585107147694
73,6940.72008742,10308,762,1000.0,762000,-35.217362617492675,751000,1.0819395422935485,0.001,0.02446084897224177,0.5445587035417557,0.6281713666021824
73,6939.70671354,10319,763,1000.0,763000,-35.318892326354984,752000,1.0658970177173615,0.001,0.025361964474796682,0.5872294862270355,0.6263542802929878
73,6937.9392847499985,10330,764,1000.0,764000,-35.31912598419189,753000,1.070676326751709,0.001,0.02697472571691409,0.592325142621994,0.6305192013978959
73,6938.51078402,10340,765,1000.0,765000,-35.307506233215335,754000,1.0690089106559753,0.001,0.025162494685942192,0.5526784041523933,0.6340939057171344
73,6936.382334589999,10351,766,1000.0,766000,-35.26597385406494,755000,1.085587728023529,0.001,0.023696047282841675,0.5307750694155693,0.629991264462471
74,6934.032080359999,10362,767,1000.0,767000,-35.2253473739624,756000,1.0687727212905884,0.001,0.02459251730800743,0.5693267945945263,0.6214177355766296
74,6931.35915302,10372,768,1000.0,768000,-35.25691689300537,757000,1.0768110275268554,0.001,0.026133033530166102,0.5783389929533005,0.6201562799811363
74,6928.94697273,10383,769,1000.0,769000,-35.2686884765625,758000,1.0810982942581178,0.001,0.025265717516051462,0.5705394947528839,0.6188134349286556
74,6927.09864778,10394,770,1000.0,770000,-35.26574713897705,759000,1.0713830828666686,0.001,0.024100145554099197,0.5566358269453049,0.6323768137395382
74,6924.044462790001,10405,771,1000.0,771000,-35.3128936920166,760000,1.078502607345581,0.001,0.027139089392939766,0.6058059495091438,0.6300773244798183
74,6923.721992080001,10416,772,1000.0,772000,-35.34708667755127,761000,1.0810672879219054,0.001,0.0243397943131844,0.5557541109621524,0.6139803719520569
74,6920.544236530001,10427,773,1000.0,773000,-35.23459214782715,762000,1.0642751336097718,0.001,0.0249940226952285,0.5530756841897965,0.6135175123214721
74,6917.2421525400005,10437,774,1000.0,774000,-35.27598951721191,763000,1.0675506114959716,0.001,0.02595914026654348,0.5715405676364899,0.6164216484129429
74,6915.38030983,10448,775,1000.0,775000,-35.29957563018799,764000,1.0745202422142028,0.001,0.025313682111734407,0.5679924048483371,0.6226630487143994
74,6917.190649560001,10459,776,1000.0,776000,-35.27801081085205,765000,1.0845911026000976,0.001,0.023531419244161366,0.5489908618330955,0.6144747588336468
74,6915.4562288900015,10470,777,1000.0,777000,-35.240974029541015,766000,1.0744788765907287,0.001,0.025122494626449263,0.5775608733892441,0.6189292449951171
74,6916.52438571,10481,778,1000.0,778000,-35.32857704162598,767000,1.0718709468841552,0.001,0.02645709504073826,0.5978831778764725,0.630876259535551
74,6917.80727293,10492,779,1000.0,779000,-35.33173601531983,768000,1.0768722772598267,0.001,0.02890556863286584,0.5962107852101326,0.6203117960095406
74,6915.41069869,10503,780,1000.0,780000,-35.49807743835449,769000,1.0913706779479981,0.001,0.02726879170484865,0.6137431040406227,0.6301791218817234
74,6914.975039770001,10514,781,1000.0,781000,-35.47418486785889,770000,1.0793024897575378,0.001,0.028141649770068968,0.5802624191045761,0.6314690764546395
74,6917.710624790001,10524,782,1000.0,782000,-35.44270469665528,771000,1.0856822729110718,0.001,0.02454166535488126,0.5595300742387772,0.6342861324250698
74,6919.990594460001,10535,783,1000.0,783000,-35.41114715576172,772000,1.0953733325004578,0.001,0.024481213586242334,0.5459342704415321,0.6239669674634933
74,6920.709911350002,10546,784,1000.0,784000,-35.32940772247314,773000,1.0983396887779235,0.001,0.02511207786975805,0.548021596968174,0.6271231552362442
74,6921.818400920002,10557,785,1000.0,785000,-35.35563175964356,774000,1.0685188531875611,0.001,0.02600306194857769,0.5901333274245262,0.6349673144221306
74,6919.851689580001,10567,786,1000.0,786000,-35.33285452270508,775000,1.0889444589614867,0.001,0.025387245640594143,0.5545306165516376,0.6248269695937634
74,6919.556251840001,10578,787,1000.0,787000,-35.28034350585938,776000,1.064441305398941,0.001,0.025336553953925034,0.5753938112854957,0.6241018709242344
74,6917.771231729999,10589,788,1000.0,788000,-35.26666690063477,777000,1.0767890572547913,0.001,0.02619860459887749,0.5817602820396424,0.6183873174786567
74,6917.373571189999,10599,789,1000.0,789000,-35.37146437072754,778000,1.0757760286331177,0.001,0.025998681970863254,0.5803162333965302,0.621251556456089
74,6915.6649431900005,10610,790,1000.0,790000,-35.33517023468018,779000,1.079292643070221,0.001,0.025802759615262568,0.565640170186758,0.608259196639061
74,6912.28089886,10621,791,1000.0,791000,-35.307473136901855,780000,1.09533132314682,0.001,0.025379243837623543,0.5623206964731217,0.615220997273922
74,6909.503202259999,10631,792,1000.0,792000,-35.27459700012207,781000,1.0935890436172486,0.001,0.024116210853726474,0.5595563980340957,0.6090656514465809
74,6908.46826849,10642,793,1000.0,793000,-35.239425521850585,782000,1.0718605637550354,0.001,0.027108098695692032,0.5740225744247437,0.5992597585320473
74,6904.551945349999,10653,794,1000.0,794000,-35.34288499450684,783000,1.0920518517494202,0.001,0.027013881510777743,0.5789661972820759,0.5907011390924454
74,6901.477702769999,10664,795,1000.0,795000,-35.406765365600585,784000,1.0968626141548157,0.001,0.027466096220916794,0.5926572594046593,0.5930258865356446
74,6901.343295179999,10674,796,1000.0,796000,-35.462824539184574,785000,1.0893994688987731,0.001,0.026267089669875072,0.5948732439279556,0.595428001433611
74,6900.10629287,10685,797,1000.0,797000,-35.48692321014404,786000,1.0784586787223815,0.001,0.024573412958072405,0.5664843840301037,0.5925197246074676
74,6899.906673030001,10696,798,1000.0,798000,-35.46214503479004,787000,1.0970664858818053,0.001,0.024706050159213015,0.5551458278000355,0.5904146183729172
74,6899.986095720001,10706,799,1000.0,799000,-35.45154962158203,788000,1.0715135097503663,0.001,0.02469056608350309,0.5769972016811371,0.5717949171662331
74,6899.820655240001,10717,800,1000.0,800000,-35.49876460266113,789000,1.0823612809181213,0.001,0.026617323848347647,0.5980407497286797,0.5742289596796035
74,6900.81190777,10728,801,1000.0,801000,-35.563623100280765,790000,1.0886982321739196,0.001,0.02672528511457101,0.6114025992751122,0.5915004326999187
74,6899.684825370001,10739,802,1000.0,802000,-35.60038591766357,791000,1.0893381357192993,0.001,0.02730145950853356,0.5989891713857651,0.5991191688776016
74,6897.081006870001,10749,803,1000.0,803000,-35.615744636535645,792000,1.0973738312721253,0.001,0.02432393323759404,0.5649962257146836,0.5930146221518516
74,6900.99481078,10760,804,1000.0,804000,-35.51410998535156,793000,1.0898724794387817,0.001,0.0226305397570525,0.5376922479271888,0.5898000401258469
74,6900.623879250001,10771,805,1000.0,805000,-35.42744286346436,794000,1.1016318678855896,0.001,0.024467805522596052,0.5435037122666836,0.5910975329279899
74,6896.98860869,10782,806,1000.0,806000,-35.474852043151856,795000,1.0675690650939942,0.001,0.02628558695759949,0.6069714242815971,0.5717265824377536
74,6896.272240139999,10793,807,1000.0,807000,-35.44815624237061,796000,1.1073765993118285,0.001,0.02490264119984962,0.5607654557824134,0.591313137114048
74,6896.15320368,10803,808,1000.0,808000,-35.473486068725585,797000,1.1009682297706604,0.001,0.024548179862946787,0.5662962371706962,0.5952274894416332
74,6897.615537639999,10814,809,1000.0,809000,-35.37959759521485,798000,1.0977954506874084,0.001,0.02453827648475183,0.5545497177243233,0.5837128544747829
74,6897.442644009999,10825,810,1000.0,810000,-35.31620821380615,799000,1.1050395250320435,0.001,0.025043877559630945,0.5660410376787186,0.5746575818359851
74,6895.103747499999,10836,811,1000.0,811000,-35.41654599761963,800000,1.1062352061271667,0.001,0.02572781392740035,0.5884533268213272,0.572883076518774
74,6895.32634958,10846,812,1000.0,812000,-35.325271392822266,801000,1.0824283003807067,0.001,0.024243578837714747,0.5513579535484314,0.5650860525965691
74,6894.335100150001,10857,813,1000.0,813000,-35.37867470550537,802000,1.0915870547294617,0.001,0.025342628474383105,0.5876172252297401,0.5553787531256675
74,6893.5533859199995,10868,814,1000.0,814000,-35.42489813995361,803000,1.08726247549057,0.001,0.029762667107543276,0.6203606904745101,0.5792897137403488
74,6893.36429536,10879,815,1000.0,815000,-35.402257766723636,804000,1.1053175330162048,0.001,0.023920545887346194,0.5497744769454003,0.5790760940909385
74,6892.89225759,10889,816,1000.0,816000,-35.326216506958005,805000,1.0905963778495789,0.001,0.023442951887177647,0.5404032767117023,0.5681816487908363
74,6891.1734747,10900,817,1000.0,817000,-35.315645408630374,806000,1.102603268623352,0.001,0.024829291526191125,0.5565111486911773,0.5717363896667957
74,6887.0935381200015,10911,818,1000.0,818000,-35.29006198120117,807000,1.0771191596984864,0.001,0.026537857985459854,0.585679843813181,0.5624960061609745
74,6882.494746470001,10922,819,1000.0,819000,-35.24487644195557,808000,1.0905283331871032,0.001,0.024002192584449467,0.5528273389041424,0.5694439093470574
75,6880.6916831300005,10932,820,1000.0,820000,-35.21608278656006,809000,1.10091392993927,0.001,0.02371313229555729,0.5555086655318737,0.5470910785794258
75,6876.535316880001,10943,821,1000.0,821000,-35.23072686004639,810000,1.0854081869125367,0.001,0.024779660951023477,0.5575918852686882,0.5346789155304432
75,6874.967604500001,10954,822,1000.0,822000,-35.20880256652832,811000,1.1032156825065613,0.001,0.0235114410771013,0.5678925286531449,0.5438974670171738
75,6871.395522819999,10965,823,1000.0,823000,-35.246566452026364,812000,1.085233700275421,0.001,0.02521869972126996,0.5876226649880409,0.5627635540664196
75,6869.373003069999,10975,824,1000.0,824000,-35.095901809692386,813000,1.0849700331687928,0.001,0.022582704106100793,0.5292751153707504,0.5553026284277439
75,6870.17152197,10986,825,1000.0,825000,-35.16837717437744,814000,1.0969178318977355,0.001,0.025456730905426432,0.5676641363799572,0.5576634700894356
75,6870.492799629999,10997,826,1000.0,826000,-35.26916130065918,815000,1.0986513376235962,0.001,0.02639951103973772,0.6265044930577278,0.564823466271162
75,6869.4712717500015,11008,827,1000.0,827000,-35.32387917327881,816000,1.1188599348068238,0.001,0.025721756341894164,0.5901446141600609,0.5693575040698051
75,6869.141456950001,11018,828,1000.0,828000,-35.284042526245116,817000,1.0803666591644288,0.001,0.024759947017768975,0.566349404156208,0.5617487978637219
75,6866.32856318,11029,829,1000.0,829000,-35.37413365936279,818000,1.0907632946968078,0.001,0.025264894457534545,0.5814582601189613,0.5711836683154106
75,6862.92955027,11040,830,1000.0,830000,-35.310965881347656,819000,1.0929595470428466,0.001,0.023892349616794168,0.5516859488785267,0.5422908781766892
75,6864.183895609999,11051,831,1000.0,831000,-35.34061679840088,820000,1.0851515412330628,0.001,0.02482360491977369,0.5671342123448849,0.5413735474646092
75,6863.45554319,11061,832,1000.0,832000,-35.3540059967041,821000,1.085232412815094,0.001,0.02446543002198126,0.5867085876762868,0.5729929245114327
75,6864.40123045,11072,833,1000.0,833000,-35.36849927520752,822000,1.099239432811737,0.001,0.025249239131422206,0.576662467211485,0.5647714919745922
75,6864.8559556,11083,834,1000.0,834000,-35.32148724365234,823000,1.0880626082420348,0.001,0.02376593436762595,0.5719935159981251,0.5644104497730732
75,6860.956986369999,11094,835,1000.0,835000,-35.405828956604005,824000,1.1070578575134278,0.001,0.025720754484458357,0.5989129052758216,0.5857597342133523
75,6862.172082079999,11104,836,1000.0,836000,-35.36542106628418,825000,1.0905323266983031,0.001,0.02522678237810293,0.568267257541418,0.578171134263277
75,6861.532222029999,11115,837,1000.0,837000,-35.31316714477539,826000,1.0955152750015258,0.001,0.024938912608643653,0.5658693540394306,0.557647081464529
75,6860.745990409999,11126,838,1000.0,838000,-35.34778035736084,827000,1.1041078925132752,0.001,0.025325731967171174,0.5856920042335987,0.5494621852338314
75,6859.29701735,11137,839,1000.0,839000,-35.34191596221924,828000,1.1013232946395874,0.001,0.02471244602671754,0.5605085275769234,0.5646284490525723
75,6857.02055468,11147,840,1000.0,840000,-35.33732555389404,829000,1.1088357090950012,0.001,0.024378837635465285,0.5704249880313873,0.5738027213215828
75,6857.366576119999,11158,841,1000.0,841000,-35.36806215667725,830000,1.0966137409210206,0.001,0.02559585854799429,0.6038424531817437,0.5875917230546475
75,6857.17196246,11169,842,1000.0,842000,-35.3627956237793,831000,1.1075715184211732,0.001,0.02263451637006013,0.5506767780482769,0.5724542350172996
75,6856.010032549999,11179,843,1000.0,843000,-35.20106690216065,832000,1.1013946652412414,0.001,0.023792070314282352,0.5478783591687679,0.5669426892697811
75,6858.125876039999,11190,844,1000.0,844000,-35.25359446716308,833000,1.1019659519195557,0.001,0.024850197944679582,0.5882670702934265,0.5807841728329659
75,6857.39289656,11201,845,1000.0,845000,-35.25391398620606,834000,1.1079800844192504,0.001,0.024167353303427355,0.5884679145812989,0.5517308221161366
75,6859.104699189999,11212,846,1000.0,846000,-35.30190744781494,835000,1.1107813239097595,0.001,0.024325967379268416,0.5766575240194798,0.5346547944545745
75,6854.89945051,11222,847,1000.0,847000,-35.20826901245117,836000,1.1109882831573485,0.001,0.023917412562468477,0.5563607881963253,0.5507305436432361
75,6856.05426799,11233,848,1000.0,848000,-35.35517687988281,837000,1.1017492771148683,0.001,0.02497911897721566,0.6050302262306213,0.5508092365860939
75,6854.242524249999,11244,849,1000.0,849000,-35.345485595703124,838000,1.1016740798950195,0.001,0.02560809560659484,0.5946410401463509,0.5681831601560116
75,6856.227245099999,11255,850,1000.0,850000,-35.35836570739746,839000,1.1065435528755188,0.001,0.02451141915621293,0.5874573259949684,0.573196144759655
75,6856.98363227,11265,851,1000.0,851000,-35.38707253265381,840000,1.10867782831192,0.001,0.02359680309598086,0.5627701077461242,0.5805861053168774
75,6857.627626539999,11276,852,1000.0,852000,-35.35981382751465,841000,1.1007342100143434,0.001,0.0237498588562031,0.5719889944791794,0.5606030204892158
75,6855.10054719,11287,853,1000.0,853000,-35.24137485504151,842000,1.0972137093544005,0.001,0.026088835676845706,0.5771026585996151,0.5712585541605949
75,6853.10955297,11297,854,1000.0,854000,-35.31920536804199,843000,1.104546892642975,0.001,0.024570119429452097,0.5745008336305618,0.5562194799482822
75,6851.34301499,11308,855,1000.0,855000,-35.288839576721195,844000,1.1167612671852112,0.001,0.02439625728652526,0.56943649238348,0.5541073235273362
75,6851.01174703,11319,856,1000.0,856000,-35.23471315002441,845000,1.0987207531929015,0.001,0.025845330417354814,0.5691290619969368,0.5606085240542888
75,6849.12682061,11330,857,1000.0,857000,-35.19103078460693,846000,1.1248342514038085,0.001,0.024785784906850072,0.5643321738243103,0.5664353739023209
75,6849.1304148,11340,858,1000.0,858000,-35.21252153778076,847000,1.1152015328407288,0.001,0.023775353416002433,0.5587966525554657,0.5520607491135597
75,6847.21520425,11351,859,1000.0,859000,-35.21336437988281,848000,1.0840343475341796,0.001,0.023702118814326018,0.5831622118949891,0.5533048340678215
75,6845.22449942,11362,860,1000.0,860000,-35.18716610717773,849000,1.1178807139396667,0.001,0.02369716455427253,0.5674509711563587,0.5529811678230763
75,6847.2148849999985,11372,861,1000.0,861000,-35.15510666656494,850000,1.1147822499275208,0.001,0.023116566419383103,0.5733573541641236,0.56550168338418
75,6846.1044458199995,11383,862,1000.0,862000,-35.26244901275635,851000,1.1034462213516236,0.001,0.025830894329207228,0.6003890076875686,0.5597525372207165
75,6844.571484019998,11394,863,1000.0,863000,-35.18531043243408,852000,1.1084060072898865,0.001,0.023471998175966163,0.5736012200415135,0.543343469798565
75,6845.006060600001,11405,864,1000.0,864000,-35.147157272338866,853000,1.1002284169197083,0.001,0.02321945070609239,0.5723685289621353,0.5429756489992141
75,6844.793643610002,11415,865,1000.0,865000,-35.17123009490967,854000,1.1059203386306762,0.001,0.022299078968313932,0.5590978032052517,0.5332602583169938
75,6844.81066311,11426,866,1000.0,866000,-35.15444624328613,855000,1.0977265596389771,0.001,0.025652165946934497,0.5825849496722222,0.54243645632267
75,6843.375681699999,11437,867,1000.0,867000,-35.26762794494629,856000,1.1071621179580688,0.001,0.02563058479990063,0.6128150989413261,0.545739754140377
75,6843.34907764,11448,868,1000.0,868000,-35.188860305786136,857000,1.1165433049201965,0.001,0.02217491045032743,0.5438521606326103,0.530363292336464
75,6842.823150129998,11458,869,1000.0,869000,-35.12821028137207,858000,1.1148451447486878,0.001,0.023225571586067535,0.5572780421972274,0.541139869093895
75,6840.609148639999,11469,870,1000.0,870000,-35.123462425231935,859000,1.113365936279297,0.001,0.023861356784444707,0.5614112105071545,0.5315366058051586
75,6842.755426319999,11480,871,1000.0,871000,-35.02761974334717,860000,1.1002808332443237,0.001,0.02201386206259862,0.5540173509418964,0.5212415948808193
75,6840.078824210001,11490,872,1000.0,872000,-35.11335745239258,861000,1.1186994791030884,0.001,0.026382256589410083,0.5924765737056732,0.5238546859025955
75,6843.061006910001,11501,873,1000.0,873000,-35.1580224685669,862000,1.1239320516586304,0.001,0.02443653836587813,0.5952076542973518,0.5293562641441822
75,6845.179226830001,11512,874,1000.0,874000,-35.140717933654784,863000,1.1151119470596313,0.001,0.02472945315332059,0.5856886750459671,0.5414906954467297
75,6844.47765643,11523,875,1000.0,875000,-35.20564601135254,864000,1.1206076264381408,0.001,0.023897439937511263,0.5809363652169705,0.5403654943704606
75,6840.87002152,11533,876,1000.0,876000,-35.15683023071289,865000,1.1062022209167481,0.001,0.022919560786785604,0.5635850416719913,0.5288691860437393
75,6840.21062247,11544,877,1000.0,877000,-35.12575656890869,866000,1.1236369252204894,0.001,0.023524914064913135,0.5633343411386013,0.5219481298923493
75,6840.414198500001,11555,878,1000.0,878000,-35.10465473937988,867000,1.1233634114265443,0.001,0.024697542122727442,0.5919174100756646,0.5258525468707085
75,6840.183681170001,11565,879,1000.0,879000,-35.14130979156494,868000,1.1006840109825133,0.001,0.024258487245442984,0.578698624998331,0.514793174147606
76,6840.33623442,11576,880,1000.0,880000,-35.132786155700686,869000,1.108249270915985,0.001,0.024447290588425784,0.5911570967435836,0.534138718008995
76,6842.466046750001,11587,881,1000.0,881000,-35.08523407745361,870000,1.1230212211608888,0.001,0.026872519384221544,0.6009787608981132,0.5374894466102124
76,6843.28298535,11598,882,1000.0,882000,-35.164353492736815,871000,1.1148133993148803,0.001,0.028078936286538046,0.6042194465398788,0.5476975626647472
76,6842.263624779999,11608,883,1000.0,883000,-35.21273333740234,872000,1.1251174449920653,0.001,0.02748677833662647,0.6057944577932358,0.5415353743433953
76,6844.069366500001,11619,884,1000.0,884000,-35.16884844207764,873000,1.1078006982803346,0.001,0.025508050816121754,0.5731949037313462,0.5361105647087098
76,6844.40182483,11630,885,1000.0,885000,-35.250357666015624,874000,1.1059362411499023,0.001,0.027493760218810427,0.6093440072536469,0.5433693583905697
76,6846.733877449999,11640,886,1000.0,886000,-35.21799712371826,875000,1.1451053977012635,0.001,0.026443489548766137,0.610006968319416,0.5641528643667698
76,6847.69059059,11651,887,1000.0,887000,-35.273792282104495,876000,1.1120707869529725,0.001,0.023979467115779553,0.5859125897586346,0.5654925521612167
76,6850.075785779998,11662,888,1000.0,888000,-35.30541435241699,877000,1.1189263701438903,0.001,0.025110319158043713,0.6163325208425522,0.5608298110663891
76,6849.452292329998,11673,889,1000.0,889000,-35.30952906799316,878000,1.11765798330307,0.001,0.025795217021647956,0.5941409170627594,0.5637567791640758
76,6850.024745739997,11684,890,1000.0,890000,-35.22955007934571,879000,1.1231387734413147,0.001,0.023725728662441423,0.5701880502104759,0.5475417583882809
76,6851.49466264,11694,891,1000.0,891000,-35.17393418884277,880000,1.1246044158935546,0.001,0.022574097840443515,0.558435626834631,0.5512494024038315
76,6853.382863589999,11705,892,1000.0,892000,-35.174666763305666,881000,1.1224369645118712,0.001,0.023517490028911788,0.5954307733774186,0.5280372100770474
76,6855.40544613,11716,893,1000.0,893000,-35.11266864013672,882000,1.1122422695159913,0.001,0.02303722919203797,0.5764358227849007,0.5357591692507268
76,6857.61236038,11727,894,1000.0,894000,-35.09902438354492,883000,1.098385763168335,0.001,0.024025781383079134,0.5905418127179146,0.5400819627940655
76,6858.68963281,11738,895,1000.0,895000,-35.27561283874512,884000,1.1059776067733764,0.001,0.026604130914348618,0.6455548740625382,0.5472615142762661
76,6856.461914049999,11748,896,1000.0,896000,-35.30344620513916,885000,1.1318743824958801,0.001,0.026366419386872033,0.6013383986949921,0.5541957939267158
76,6854.50991072,11759,897,1000.0,897000,-35.27754140472412,886000,1.1267048358917235,0.001,0.024701484828096823,0.5813760434985161,0.5382761660516262
76,6853.556360239999,11770,898,1000.0,898000,-35.25634873199463,887000,1.1051241874694824,0.001,0.024350657240039045,0.5736019113361835,0.5377656714320183
76,6855.449255059998,11781,899,1000.0,899000,-35.183169952392575,888000,1.1174521803855897,0.001,0.024873727164180705,0.5945911454558372,0.5508828653097153
76,6857.556516639999,11792,900,1000.0,900000,-35.14603952026367,889000,1.121023964881897,0.001,0.024260677757451374,0.5911825413107872,0.5246500363647938
76,6855.889881969999,11802,901,1000.0,901000,-35.16316049194336,890000,1.1257799983024597,0.001,0.024052588329411602,0.5807530551552772,0.543207013964653
76,6857.543328599999,11813,902,1000.0,902000,-35.183027824401854,891000,1.1256423354148866,0.001,0.026138704688222932,0.6042163719534874,0.536646003395319
76,6858.923370729998,11824,903,1000.0,903000,-35.162688735961915,892000,1.1338257431983947,0.001,0.024284727925605338,0.5758640357255935,0.527636088758707
76,6860.088924449998,11834,904,1000.0,904000,-35.11641505432129,893000,1.1246499180793763,0.001,0.024518823268784105,0.5849602468013764,0.5208442441225052
76,6860.113971739998,11845,905,1000.0,905000,-35.09311780548096,894000,1.1179825425148011,0.001,0.024117512575915587,0.5692550239264965,0.5183634069859981
76,6857.483039619999,11856,906,1000.0,906000,-35.04938082122803,895000,1.121745216846466,0.001,0.024017491122939272,0.5872843418717384,0.5343496777117253
76,6860.194650269998,11866,907,1000.0,907000,-35.030984619140625,896000,1.104904091358185,0.001,0.02390476847507517,0.583147242307663,0.5500760477185249
76,6862.22067177,11877,908,1000.0,908000,-35.03001502227783,897000,1.1131591558456422,0.001,0.02494065255796998,0.6049724392294884,0.5372399651706219
76,6859.137278769998,11888,909,1000.0,909000,-34.90568070983887,898000,1.1174015879631043,0.001,0.021881137697123333,0.5547834678292275,0.526334553450346
76,6859.142958899998,11898,910,1000.0,910000,-34.8692933883667,899000,1.1187083721160889,0.001,0.02274987727988332,0.5589057041108608,0.5275319184660912
76,6860.063394199999,11909,911,1000.0,911000,-34.84141118621826,900000,1.1204207301139832,0.001,0.02335150083493945,0.5740757241249085,0.5245616970956326
76,6860.338471659999,11920,912,1000.0,912000,-34.83166149902344,901000,1.0967716574668884,0.001,0.02488427113972859,0.6111823841333389,0.5234659650027752
76,6861.41637527,11931,913,1000.0,913000,-34.90250255584717,902000,1.0873470425605773,0.001,0.02594769524143776,0.6215183218121528,0.5147547415196896
76,6862.315641349999,11941,914,1000.0,914000,-34.95630024719238,903000,1.1240119934082031,0.001,0.024177095431197195,0.5945423582792282,0.5267116803228855
76,6862.575360789999,11952,915,1000.0,915000,-34.81024233245849,904000,1.118016290664673,0.001,0.022699854524912768,0.561918743878603,0.52268980717659
76,6860.727980889999,11963,916,1000.0,916000,-34.77821517181396,905000,1.1038830637931825,0.001,0.022425224644336873,0.5523172223567963,0.5076627158224583
76,6863.12836514,11973,917,1000.0,917000,-34.76250173950195,906000,1.1155337691307068,0.001,0.0238707873241547,0.5889596660137176,0.504966118901968
76,6867.925299659999,11984,918,1000.0,918000,-34.71800290679931,907000,1.1138773918151856,0.001,0.02208279399685168,0.5525675797760486,0.4960881594121456
76,6870.075766939999,11995,919,1000.0,919000,-34.687475898742676,908000,1.1093167543411255,0.001,0.02596310902382075,0.5806707339882851,0.5222095813751221
76,6871.24711079,12005,920,1000.0,920000,-34.70367176055908,909000,1.1169100761413575,0.001,0.025003622166508456,0.5824581031799316,0.522690839022398
76,6875.75764586,12016,921,1000.0,921000,-34.607056785583495,910000,1.1406254053115845,0.001,0.021906817360509662,0.5405575513541698,0.4990052052438259
76,6874.503458760001,12027,922,1000.0,922000,-34.62019445037842,911000,1.1130272269248962,0.001,0.024122616059636323,0.590719066798687,0.5146332466602326
76,6878.35739577,12038,923,1000.0,923000,-34.70373101043701,912000,1.1161885499954223,0.001,0.026184016642447253,0.6069108964204788,0.521669758349657
76,6880.56955211,12048,924,1000.0,924000,-34.65053543090821,913000,1.1374617218971252,0.001,0.02310232404643745,0.5688930564522743,0.5002126314342022
76,6881.2498215099995,12059,925,1000.0,925000,-34.61124726104736,914000,1.1192090153694152,0.001,0.022853906912347524,0.5530502040684223,0.501174431860447
76,6881.2002579,12070,926,1000.0,926000,-34.6513000869751,915000,1.120746648311615,0.001,0.026417918148335957,0.6294105741977691,0.517276751846075
76,6879.91689768,12080,927,1000.0,927000,-34.74296388244629,916000,1.1240846991539002,0.001,0.024286067172215393,0.5892368456721306,0.5357523601353168
76,6879.05084763,12091,928,1000.0,928000,-34.588830291748046,917000,1.1190941214561463,0.001,0.02261942525025443,0.5399895018637181,0.512198590040207
76,6881.315933820001,12102,929,1000.0,929000,-34.6351188583374,918000,1.1257064819335938,0.001,0.024434679928291472,0.6036650803089142,0.5213146185278893
76,6886.463000810001,12113,930,1000.0,930000,-34.720845710754396,919000,1.1233803391456605,0.001,0.026976996799641478,0.6148543940782547,0.5341001136302947
76,6887.059389500001,12124,931,1000.0,931000,-34.77772820281982,920000,1.1231117844581604,0.001,0.02326493205279523,0.5781574038863182,0.5165733867883682
76,6887.08001354,12135,932,1000.0,932000,-34.617354263305664,921000,1.129369056224823,0.001,0.02237609762444818,0.5571509790718555,0.5127758814394474
76,6888.013038339999,12145,933,1000.0,933000,-34.57683501434326,922000,1.128006362915039,0.001,0.023207124995000654,0.5687308559417724,0.4978903491795063
76,6890.4329634999995,12156,934,1000.0,934000,-34.55669631958008,923000,1.1249679803848267,0.001,0.023830781348987553,0.5716211244165897,0.5026445848941803
76,6894.751077739999,12167,935,1000.0,935000,-34.64467015075684,924000,1.120306956768036,0.001,0.023240240329032505,0.589733370423317,0.48821815219521525
76,6893.734804229999,12178,936,1000.0,936000,-34.656836067199706,925000,1.1262163281440736,0.001,0.02636294523320459,0.6101376419067382,0.502215268522501
76,6894.38077174,12189,937,1000.0,937000,-34.683877006530764,926000,1.1131229758262635,0.001,0.024118835936691275,0.600932335793972,0.5117801007926464
76,6895.927780690003,12200,938,1000.0,938000,-34.64955825042725,927000,1.1305094599723815,0.001,0.022541049670232616,0.5552133609056473,0.5021926930844783
76,6898.401602080001,12210,939,1000.0,939000,-34.62636274719238,928000,1.118289017677307,0.001,0.023296129932394233,0.5761395718455314,0.49735365465283393
76,6900.098134430001,12221,940,1000.0,940000,-34.57257932281494,929000,1.1255750417709351,0.001,0.022706115983777826,0.5608665856122971,0.5032946137487888
76,6900.447507909998,12232,941,1000.0,941000,-34.54081785583496,930000,1.1320761561393737,0.001,0.0241769098339721,0.5886670392155647,0.4935419918000698
76,6901.14802738,12243,942,1000.0,942000,-34.62056646728516,931000,1.1388299107551574,0.001,0.025888864044497195,0.6053481228351593,0.5060461894869804
76,6900.801155729998,12254,943,1000.0,943000,-34.595556198120114,932000,1.1141599535942077,0.001,0.02477889442374447,0.5849351226091385,0.5086396908462048
76,6902.000178359998,12265,944,1000.0,944000,-34.59150445556641,933000,1.1369287252426148,0.001,0.023402268188310597,0.5727685934305191,0.5062738209366798
76,6901.9108706199995,12275,945,1000.0,945000,-34.49181573486328,934000,1.1371441721916198,0.001,0.023777914140424284,0.5547698338329792,0.48391413828730584
76,6902.71920467,12286,946,1000.0,946000,-34.50559574890137,935000,1.1695298194885253,0.001,0.02390490022661092,0.5691707474291324,0.4741222959756851
77,6905.6007408999985,12297,947,1000.0,947000,-34.58098202514648,936000,1.1385089755058289,0.001,0.02540699543849931,0.6101544628739357,0.4863046332299709
77,6904.67655686,12308,948,1000.0,948000,-34.570424461364745,937000,1.1232180714607238,0.001,0.02302668186132708,0.5728850528001785,0.4788247483670712
77,6906.76270252,12319,949,1000.0,949000,-34.57521565246582,938000,1.1216939687728882,0.001,0.024475394854662533,0.5988482998609543,0.477078037917614
77,6908.42245216,12330,950,1000.0,950000,-34.59649094390869,939000,1.133317518234253,0.001,0.022099192687841662,0.5877929379940033,0.47866867870092394
77,6907.01971938,12341,951,1000.0,951000,-34.57989862060547,940000,1.1282016277313232,0.001,0.023928572143174058,0.5856866865158081,0.48577036437392235
77,6907.826147730001,12351,952,1000.0,952000,-34.60020905303955,941000,1.1333907127380372,0.001,0.021708015328860946,0.5692253230214119,0.4806372565329075
77,6910.6454192500005,12362,953,1000.0,953000,-34.67281044769287,942000,1.1364378452301025,0.001,0.02469364424772979,0.6042355552911759,0.4757404007315636
77,6912.34328844,12373,954,1000.0,954000,-34.73451585388184,943000,1.129929256439209,0.001,0.023919831600670374,0.6161868218183517,0.5085058208405971
77,6913.98037858,12384,955,1000.0,955000,-34.733334388732914,944000,1.12504540681839,0.001,0.021687079389274704,0.5829300571680069,0.5062144354879856
77,6913.52575198,12395,956,1000.0,956000,-34.702410278320315,945000,1.1173723816871644,0.001,0.023706336705805475,0.5809386188983917,0.5052015483379364
77,6915.44400666,12406,957,1000.0,957000,-34.624450714111326,946000,1.126961064338684,0.001,0.022085443264545878,0.5744860320091247,0.5006939034759998
77,6916.639770920001,12416,958,1000.0,958000,-34.64952951049805,947000,1.128181529045105,0.001,0.02321828557335144,0.599751022875309,0.5227554500102997
77,6916.91745279,12427,959,1000.0,959000,-34.69336923217774,948000,1.1288046717643738,0.001,0.024073405914146966,0.5984457205533982,0.5131050965189934
77,6918.74883066,12438,960,1000.0,960000,-34.6270255279541,949000,1.1147231698036193,0.001,0.0243188277692006,0.5996845836639404,0.509437410235405
77,6917.77420678,12449,961,1000.0,961000,-34.64199803924561,950000,1.1192432165145874,0.001,0.022577369745804796,0.5706775358915329,0.5085248699188233
77,6920.191642180001,12460,962,1000.0,962000,-34.62574962615967,951000,1.1388872623443604,0.001,0.02322150186681109,0.584805786371231,0.5056959067881107
77,6923.166454300001,12471,963,1000.0,963000,-34.56995258331299,952000,1.140208101272583,0.001,0.02285758895992172,0.5741938063800335,0.5053940540850163
77,6921.41360726,12482,964,1000.0,964000,-34.488229049682616,953000,1.1291647791862487,0.001,0.023311789288415964,0.5755850237607956,0.49002764505147933
77,6920.856422130001,12492,965,1000.0,965000,-34.537131271362306,954000,1.1412559747695923,0.001,0.0232808825934714,0.5923669390082359,0.5169681724309921
77,6922.215315970001,12503,966,1000.0,966000,-34.55132289123535,955000,1.1299931764602662,0.001,0.0227898639031795,0.585883590400219,0.4991901769340038
77,6923.595841050002,12514,967,1000.0,967000,-34.50731298828125,956000,1.1102619290351867,0.001,0.023280611427512917,0.575682224392891,0.5134985408782959
77,6924.22251942,12525,968,1000.0,968000,-34.56930088806153,957000,1.1404626488685607,0.001,0.02437488920475804,0.5976095024347305,0.5210399192869664
77,6925.274548050001,12536,969,1000.0,969000,-34.600322135925296,958000,1.124499464035034,0.001,0.022864843875574904,0.6063444734811783,0.5021336487829685
77,6927.138596500001,12547,970,1000.0,970000,-34.51146257019043,959000,1.138156771659851,0.001,0.02552466495721567,0.5767719346880913,0.504605890750885
77,6925.895826560001,12558,971,1000.0,971000,-34.52325392150879,960000,1.1471562266349793,0.001,0.02483120244477781,0.5864623824357986,0.49781995996832845
77,6927.875087190001,12569,972,1000.0,972000,-34.619421768188474,961000,1.1354269146919251,0.001,0.027572275355159128,0.6306676425933838,0.499891995459795
77,6926.909809930001,12580,973,1000.0,973000,-34.68967700195312,962000,1.1277526140213012,0.001,0.027683154336365368,0.6078216112852096,0.5012497728765011
77,6926.79804038,12591,974,1000.0,974000,-34.63514458465576,963000,1.1421611189842225,0.001,0.022866634077937653,0.5730182527899742,0.4841785432696342
77,6928.492327400001,12601,975,1000.0,975000,-34.67185832214356,964000,1.1449795484542846,0.001,0.02283836669572654,0.595968413412571,0.48519479182362557
77,6931.591891170001,12612,976,1000.0,976000,-34.571384071350096,965000,1.1441919326782226,0.001,0.021998053692516787,0.5745566269159317,0.4863620592653751
77,6933.677194379999,12623,977,1000.0,977000,-34.5284070892334,966000,1.136466956138611,0.001,0.022504782855868648,0.5657675148248672,0.47397148275375367
77,6934.237682339998,12634,978,1000.0,978000,-34.58025709533691,967000,1.1272393226623536,0.001,0.023895251365405774,0.5913629084825516,0.49060820975899694
77,6933.388729269999,12644,979,1000.0,979000,-34.48987949371338,968000,1.1210906624794006,0.001,0.022715480711104224,0.577228588461876,0.48712173154950145
77,6933.42024917,12655,980,1000.0,980000,-34.49962922668457,969000,1.1287881135940552,0.001,0.023262647574951594,0.6011342581510544,0.4879261386990547
77,6931.43873877,12666,981,1000.0,981000,-34.56695527648926,970000,1.145766270160675,0.001,0.024702785226453534,0.6240311057567597,0.4844800000190735
77,6930.66884235,12677,982,1000.0,982000,-34.546667015075684,971000,1.1252443552017213,0.001,0.023437844265890777,0.5893609164953232,0.49597481739521027
77,6929.389352780001,12687,983,1000.0,983000,-34.54048946380615,972000,1.1313318371772767,0.001,0.023679798714355806,0.593920598089695,0.4953786390125752
77,6925.82968748,12698,984,1000.0,984000,-34.482277290344236,973000,1.1399694204330444,0.001,0.022543429039608435,0.5883070135116577,0.4974111152291298
77,6924.49194501,12709,985,1000.0,985000,-34.44874342346191,974000,1.1414053440093994,0.001,0.02255841480442614,0.580711068034172,0.49637854185700414
77,6925.208304719999,12720,986,1000.0,986000,-34.38523787689209,975000,1.1325798034667969,0.001,0.022106807429918586,0.5520834021270276,0.49420945772528646
77,6923.597427349999,12730,987,1000.0,987000,-34.395575050354005,976000,1.123193097114563,0.001,0.02294977987089108,0.5954469910860062,0.4925770699977875
77,6924.163952159999,12741,988,1000.0,988000,-34.30283152008057,977000,1.1372861504554748,0.001,0.02240668200356592,0.5678798942565918,0.4888358599245548
77,6925.248223469999,12752,989,1000.0,989000,-34.332050369262696,978000,1.1326596975326537,0.001,0.02265732918276048,0.5889974398612976,0.4815378675460815
77,6925.11200311,12763,990,1000.0,990000,-34.32907473754883,979000,1.124414849281311,0.001,0.023197334845723793,0.5815476425290108,0.4892054882347584
77,6926.784444869999,12773,991,1000.0,991000,-34.26182094573974,980000,1.1294246912002563,0.001,0.021768901645654103,0.5623312771320343,0.4879031384587288
77,6925.98075963,12784,992,1000.0,992000,-34.268895935058595,981000,1.1296797513961792,0.001,0.025011920758797206,0.6157850161790848,0.47959954777359964
77,6924.363747230001,12795,993,1000.0,993000,-34.396009986877445,982000,1.1351680159568787,0.001,0.02447076441310273,0.6294425620436669,0.49090735641121863
77,6923.547766949999,12806,994,1000.0,994000,-34.41627012634277,983000,1.15226092338562,0.001,0.022985812580729632,0.5937498978376389,0.48421635350584985
77,6926.51887353,12816,995,1000.0,995000,-34.36607927703857,984000,1.1421472072601317,0.001,0.022695090573582183,0.5854566588401794,0.5013594760596752
77,6928.26159341,12827,996,1000.0,996000,-34.39328778076172,985000,1.131179404258728,0.001,0.022566446335462547,0.601420119047165,0.48821217694878577
77,6931.9931979699995,12838,997,1000.0,997000,-34.41334957885742,986000,1.1338496088981629,0.001,0.024138783902626016,0.5916407102942467,0.4841809398531914
77,6935.638070759999,12848,998,1000.0,998000,-34.44561458587646,987000,1.1263912558555602,0.001,0.02364048237174547,0.6069493804574013,0.4844077009856701
77,6935.57503666,12859,999,1000.0,999000,-34.47709383392334,988000,1.1304986715316772,0.001,0.02327158048600581,0.6085407267808914,0.49224441787600515
77,6933.917735610001,12870,1000,1000.0,1000000,-34.433731834411624,989000,1.1514450669288636,0.001,0.022449281383570673,0.5910832937955857,0.4943553863167763
